"Date","Price","Open","High","Low","Vol.","Change %"
"02/27/2019","143.76","143.39","143.97","142.88","2.05M","0.03%"
"02/26/2019","143.71","143.75","144.23","143.59","2.16M","-0.19%"
"02/25/2019","143.98","144.56","144.88","143.90","3.92M","0.15%"
"02/22/2019","143.77","143.20","143.84","143.03","1.84M","0.66%"
"02/21/2019","142.83","143.06","143.14","142.25","3.69M","-0.34%"
"02/20/2019","143.32","143.05","143.53","142.74","2.36M","0.21%"
"02/19/2019","143.02","142.41","143.39","142.34","2.47M","0.20%"
"02/15/2019","142.74","142.16","142.77","141.91","2.54M","1.10%"
"02/14/2019","141.19","140.86","141.81","140.38","2.73M","-0.18%"
"02/13/2019","141.44","141.45","141.88","141.14","2.37M","0.31%"
"02/12/2019","141.00","140.12","141.18","140.06","3.31M","1.25%"
"02/11/2019","139.26","139.40","139.55","138.89","2.34M","0.21%"
"02/08/2019","138.97","138.14","138.99","137.66","2.11M","0.10%"
"02/07/2019","138.83","139.18","139.49","137.12","5.10M","-0.95%"
"02/06/2019","140.16","140.15","140.40","139.65","2.95M","-0.10%"
"02/05/2019","140.30","139.95","140.45","139.66","2.76M","0.42%"
"02/04/2019","139.72","138.76","139.75","138.36","4.94M","0.71%"
"02/01/2019","138.73","138.70","139.20","138.25","3.23M","0.14%"
"01/31/2019","138.53","137.27","138.77","137.24","3.93M","0.88%"
"01/30/2019","137.32","136.15","137.81","135.62","3.06M","1.51%"
"01/29/2019","135.28","135.62","135.87","134.84","2.98M","-0.14%"
"01/28/2019","135.47","135.24","135.52","134.48","4.37M","-0.73%"
"01/25/2019","136.47","136.23","136.82","136.03","2.99M","0.94%"
"01/24/2019","135.20","134.93","135.47","134.46","3.79M","0.21%"
"01/23/2019","134.92","135.38","135.77","133.60","3.93M","0.10%"
"01/22/2019","134.78","135.89","135.92","133.89","5.04M","-1.37%"
"01/18/2019","136.65","135.89","136.94","135.45","4.22M","1.30%"
"01/17/2019","134.90","133.40","135.40","133.16","4.40M","0.81%"
"01/16/2019","133.82","133.67","134.33","133.61","2.96M","0.28%"
"01/15/2019","133.44","132.19","133.56","132.05","4.54M","1.09%"
"01/14/2019","132.00","131.79","132.49","131.56","2.48M","-0.63%"
"01/11/2019","132.84","132.13","132.86","131.85","3.03M","0.02%"
"01/10/2019","132.81","131.44","132.89","131.00","2.69M","0.49%"
"01/09/2019","132.16","132.02","132.67","131.36","6.41M","0.47%"
"01/08/2019","131.54","131.45","131.73","130.05","3.95M","1.03%"
"01/07/2019","130.20","129.19","131.04","128.81","4.49M","1.01%"
"01/04/2019","128.90","126.48","129.37","126.32","4.78M","3.31%"
"01/03/2019","124.77","126.91","126.91","124.57","5.25M","-2.32%"
"01/02/2019","127.73","125.75","128.16","125.34","5.09M","0.08%"
"12/31/2018","127.63","127.38","127.73","126.28","9.41M","0.95%"
"12/28/2018","126.43","127.50","128.31","125.73","11.67M","-0.13%"
"12/27/2018","126.59","123.76","126.59","121.91","16.13M","0.90%"
"12/26/2018","125.46","120.34","125.52","119.35","12.51M","4.81%"
"12/24/2018","119.70","121.90","122.54","119.67","14.49M","-3.07%"
"12/21/2018","123.49","126.51","127.97","123.12","13.61M","-2.12%"
"12/20/2018","126.17","127.51","128.38","124.80","13.12M","-1.61%"
"12/19/2018","128.24","130.28","132.39","127.30","8.01M","-1.54%"
"12/18/2018","130.24","131.26","131.74","129.36","8.07M","-0.03%"
"12/17/2018","130.28","132.54","133.16","129.47","7.19M","-2.13%"
"12/14/2018","133.12","134.26","134.92","132.76","4.50M","-1.73%"
"12/13/2018","135.46","136.24","136.69","134.89","3.30M","-0.24%"
"12/12/2018","135.79","136.72","137.51","135.75","3.72M","0.57%"
"12/11/2018","135.02","136.86","137.01","134.23","3.46M","-0.02%"
"12/10/2018","135.05","134.81","135.60","132.45","5.05M","0.11%"
"12/07/2018","134.90","137.94","138.87","134.43","4.99M","-2.36%"
"12/06/2018","138.16","136.15","138.16","134.35","6.54M","-0.12%"
"12/04/2018","138.33","142.64","142.82","138.10","3.92M","-3.27%"
"12/03/2018","143.00","143.60","144.00","142.03","3.66M","1.17%"
"11/30/2018","141.35","140.24","141.51","140.07","2.14M","0.72%"
"11/29/2018","140.34","140.19","141.16","139.48","2.90M","-0.18%"
"11/28/2018","140.60","138.03","140.60","137.42","6.06M","2.33%"
"11/27/2018","137.40","136.65","137.42","136.27","2.86M","0.12%"
"11/26/2018","137.23","136.48","137.28","136.18","4.70M","1.55%"
"11/23/2018","135.13","134.92","135.92","134.73","1.30M","-0.54%"
"11/21/2018","135.86","136.00","136.89","135.75","4.15M","0.49%"
"11/20/2018","135.20","135.73","136.62","134.64","4.63M","-1.78%"
"11/19/2018","137.65","139.83","139.93","137.17","3.48M","-1.73%"
"11/16/2018","140.08","139.07","140.57","138.82","2.27M","0.21%"
"11/15/2018","139.78","137.55","140.01","136.70","3.63M","1.13%"
"11/14/2018","138.22","140.34","140.57","137.38","2.77M","-0.73%"
"11/13/2018","139.24","139.77","140.92","138.82","2.29M","-0.14%"
"11/12/2018","139.44","141.79","141.97","139.18","3.53M","-1.92%"
"11/09/2018","142.17","142.91","142.96","141.29","2.23M","-1.02%"
"11/08/2018","143.64","143.55","144.06","142.98","1.87M","-0.19%"
"11/07/2018","143.92","142.30","144.00","141.97","2.78M","2.04%"
"11/06/2018","141.04","140.19","141.11","140.17","2.03M","0.57%"
"11/05/2018","140.24","139.80","140.52","139.19","3.14M","0.49%"
"11/02/2018","139.56","140.93","141.20","138.39","3.17M","-0.41%"
"11/01/2018","140.13","139.04","140.37","138.52","3.71M","1.13%"
"10/31/2018","138.56","138.60","139.84","138.37","4.03M","1.04%"
"10/30/2018","137.13","134.96","137.29","134.61","3.68M","1.56%"
"10/29/2018","135.02","137.51","138.33","133.07","5.17M","-0.55%"
"10/26/2018","135.77","136.12","137.53","134.17","6.62M","-1.73%"
"10/25/2018","138.16","136.63","138.96","136.17","4.89M","1.88%"
"10/24/2018","135.61","139.89","140.09","135.40","6.01M","-3.11%"
"10/23/2018","139.96","138.69","140.67","137.46","4.98M","-0.59%"
"10/22/2018","140.79","141.73","141.94","140.42","3.22M","-0.40%"
"10/19/2018","141.35","142.14","143.07","141.01","3.00M","-0.26%"
"10/18/2018","141.72","143.31","143.61","141.00","3.78M","-1.45%"
"10/17/2018","143.80","143.91","144.15","142.33","3.15M","-0.03%"
"10/16/2018","143.84","141.75","144.06","141.36","3.99M","2.20%"
"10/15/2018","140.74","141.16","141.97","140.50","3.39M","-0.45%"
"10/12/2018","141.37","142.00","142.32","139.49","7.98M","1.32%"
"10/11/2018","139.53","142.02","142.97","138.75","11.71M","-2.13%"
"10/10/2018","142.57","146.93","146.95","142.41","6.89M","-3.18%"
"10/09/2018","147.26","147.25","148.02","147.02","3.69M","-0.18%"
"10/08/2018","147.52","147.28","147.76","146.36","2.52M","-0.07%"
"10/05/2018","147.63","148.62","148.95","146.73","3.20M","-0.65%"
"10/04/2018","148.59","149.58","149.61","147.71","3.22M","-0.85%"
"10/03/2018","149.86","150.26","150.49","149.65","2.56M","0.13%"
"10/02/2018","149.66","149.86","150.10","149.43","2.16M","-0.15%"
"10/01/2018","149.88","150.42","150.77","149.52","2.72M","0.15%"
"09/28/2018","149.65","149.28","149.99","149.23","1.80M","-0.43%"
"09/27/2018","150.30","150.24","150.95","150.08","1.81M","0.23%"
"09/26/2018","149.95","150.61","151.29","149.79","4.90M","-0.39%"
"09/25/2018","150.53","150.89","151.07","150.42","2.32M","-0.05%"
"09/24/2018","150.61","150.87","150.93","150.27","1.67M","-0.36%"
"09/21/2018","151.16","151.82","151.84","151.05","1.99M","-0.10%"
"09/20/2018","151.31","150.83","151.47","150.52","1.71M","0.77%"
"09/19/2018","150.15","150.12","150.48","150.01","1.81M","0.01%"
"09/18/2018","150.13","149.43","150.44","149.40","1.67M","0.54%"
"09/17/2018","149.33","150.24","150.28","149.19","1.66M","-0.63%"
"09/14/2018","150.28","150.28","150.48","149.79","1.36M","0.08%"
"09/13/2018","150.16","149.97","150.33","149.75","1.91M","0.50%"
"09/12/2018","149.41","149.31","149.64","148.79","2.18M","0.01%"
"09/11/2018","149.40","148.55","149.62","148.33","2.58M","0.34%"
"09/10/2018","148.90","149.20","149.33","148.79","2.16M","0.22%"
"09/07/2018","148.58","148.37","149.17","148.13","2.33M","-0.23%"
"09/06/2018","148.92","149.46","149.69","148.36","2.59M","-0.30%"
"09/05/2018","149.37","149.66","149.69","148.71","2.77M","-0.33%"
"09/04/2018","149.86","149.89","150.10","149.22","2.34M","-0.14%"
"08/31/2018","150.07","149.81","150.28","149.59","2.54M","0.04%"
"08/30/2018","150.01","150.31","150.60","149.67","2.15M","-0.41%"
"08/29/2018","150.63","149.96","150.77","149.82","2.69M","0.53%"
"08/28/2018","149.84","150.10","150.20","149.53","3.02M","0.06%"
"08/27/2018","149.75","149.32","149.87","149.10","2.13M","0.72%"
"08/24/2018","148.68","148.15","148.76","148.10","1.71M","0.62%"
"08/23/2018","147.76","147.90","148.37","147.58","1.35M","-0.20%"
"08/22/2018","148.05","147.79","148.29","147.71","1.17M","0.03%"
"08/21/2018","148.00","147.78","148.51","147.78","2.09M","0.37%"
"08/20/2018","147.45","147.45","147.69","147.16","5.76M","0.19%"
"08/17/2018","147.17","146.45","147.39","146.30","2.19M","0.37%"
"08/16/2018","146.63","146.28","147.15","146.26","1.35M","0.78%"
"08/15/2018","145.49","145.87","146.03","144.64","2.68M","-0.79%"
"08/14/2018","146.65","146.11","146.78","145.92","1.78M","0.66%"
"08/13/2018","145.69","146.40","146.75","145.46","1.90M","-0.38%"
"08/10/2018","146.25","146.35","146.76","145.94","1.85M","-0.63%"
"08/09/2018","147.17","147.37","147.68","147.07","1.23M","-0.07%"
"08/08/2018","147.27","147.33","147.53","146.98","1.27M","-0.09%"
"08/07/2018","147.41","147.29","147.62","147.00","2.53M","0.33%"
"08/06/2018","146.93","146.31","147.06","146.09","1.80M","0.45%"
"08/03/2018","146.27","145.89","146.29","145.76","1.98M","0.34%"
"08/02/2018","145.78","144.17","145.91","144.08","1.51M","0.59%"
"08/01/2018","144.92","145.19","145.53","144.49","1.52M","-0.12%"
"07/31/2018","145.09","144.82","145.51","144.54","2.00M","0.57%"
"07/30/2018","144.27","145.22","145.34","144.06","5.38M","-0.65%"
"07/27/2018","145.22","146.60","146.64","144.63","2.54M","-0.80%"
"07/26/2018","146.39","146.23","146.74","146.00","2.08M","-0.16%"
"07/25/2018","146.63","145.30","146.67","145.01","2.13M","0.85%"
"07/24/2018","145.39","145.77","146.09","144.90","2.34M","0.22%"
"07/23/2018","145.07","144.79","145.16","144.47","1.44M","0.16%"
"07/20/2018","144.84","145.00","145.24","144.56","1.51M","-0.18%"
"07/19/2018","145.10","145.07","145.42","144.60","2.03M","-0.24%"
"07/18/2018","145.45","145.13","145.50","144.85","1.33M","0.22%"
"07/17/2018","145.13","144.02","145.33","144.01","1.77M","0.46%"
"07/16/2018","144.47","144.77","144.84","144.22","1.57M","-0.16%"
"07/13/2018","144.70","144.53","144.98","144.26","1.97M","0.06%"
"07/12/2018","144.61","144.18","144.66","143.72","1.44M","0.82%"
"07/11/2018","143.43","143.62","144.10","143.10","2.04M","-0.71%"
"07/10/2018","144.46","144.39","144.61","144.03","1.44M","0.26%"
"07/09/2018","144.09","143.46","144.11","143.14","2.15M","0.91%"
"07/06/2018","142.79","141.66","143.00","141.44","1.76M","0.84%"
"07/05/2018","141.60","141.13","141.62","140.45","2.80M","0.85%"
"07/03/2018","140.41","141.36","141.47","140.22","1.33M","-0.26%"
"07/02/2018","140.77","139.56","140.88","139.43","2.83M","0.24%"
"06/29/2018","140.43","140.90","141.66","140.39","1.85M","0.07%"
"06/28/2018","140.33","139.43","140.69","138.99","2.49M","0.62%"
"06/27/2018","139.46","141.20","141.89","139.45","2.96M","-0.93%"
"06/26/2018","140.77","140.70","141.25","140.30","2.09M","0.23%"
"06/25/2018","140.45","141.85","141.99","139.54","4.35M","-1.40%"
"06/22/2018","142.45","143.00","143.08","142.37","1.23M","-0.28%"
"06/21/2018","142.85","143.83","143.85","142.56","1.88M","-0.69%"
"06/20/2018","143.84","143.95","144.19","143.59","1.47M","0.23%"
"06/19/2018","143.51","142.75","143.62","142.40","1.96M","-0.33%"
"06/18/2018","143.99","143.30","144.06","143.03","1.61M","-0.11%"
"06/15/2018","144.15","143.85","144.33","143.23","3.33M","-0.10%"
"06/14/2018","144.29","144.40","144.57","143.89","1.81M","0.28%"
"06/13/2018","143.88","144.54","144.66","143.80","1.40M","-0.37%"
"06/12/2018","144.42","144.40","144.61","144.00","1.58M","0.21%"
"06/11/2018","144.12","144.00","144.47","143.97","1.66M","0.15%"
"06/08/2018","143.91","143.27","143.94","143.12","1.08M","0.34%"
"06/07/2018","143.42","143.81","144.00","142.90","1.66M","-0.15%"
"06/06/2018","143.63","142.75","143.63","142.38","3.01M","0.89%"
"06/05/2018","142.37","142.26","142.52","141.83","2.95M","0.15%"
"06/04/2018","142.16","141.90","142.26","141.73","1.59M","0.47%"
"06/01/2018","141.50","140.93","141.65","140.76","1.86M","1.04%"
"05/31/2018","140.04","140.88","140.95","139.81","1.70M","-0.69%"
"05/30/2018","141.01","139.97","141.31","139.91","1.59M","1.29%"
"05/29/2018","139.21","139.80","140.16","138.54","2.69M","-0.99%"
"05/25/2018","140.60","140.60","140.91","140.28","1.26M","-0.19%"
"05/24/2018","140.87","140.93","141.06","139.86","1.41M","-0.16%"
"05/23/2018","141.10","140.09","141.10","140.00","1.43M","0.26%"
"05/22/2018","140.73","141.56","141.66","140.59","1.21M","-0.37%"
"05/21/2018","141.25","141.06","141.53","140.84","1.30M","0.75%"
"05/18/2018","140.20","140.36","140.51","139.97","910.25K","-0.22%"
"05/17/2018","140.51","140.38","141.04","140.02","1.66M","0.03%"
"05/16/2018","140.47","139.85","140.76","139.85","1.35M","0.49%"
"05/15/2018","139.79","139.95","140.11","139.34","2.28M","-0.60%"
"05/14/2018","140.64","140.94","141.30","140.39","1.40M","0.05%"
"05/11/2018","140.57","140.41","140.87","140.05","1.20M","0.20%"
"05/10/2018","140.29","139.51","140.54","139.44","1.81M","0.87%"
"05/09/2018","139.08","138.20","139.27","137.90","1.45M","0.94%"
"05/08/2018","137.78","137.59","138.01","136.98","1.36M","0.04%"
"05/07/2018","137.73","137.65","138.31","137.38","1.45M","0.44%"
"05/04/2018","137.13","134.97","137.56","134.64","2.38M","1.29%"
"05/03/2018","135.38","135.19","135.80","133.66","2.64M","-0.27%"
"05/02/2018","135.75","136.46","136.97","135.54","1.66M","-0.58%"
"05/01/2018","136.54","136.04","136.60","135.12","1.76M","0.15%"
"04/30/2018","136.33","137.69","137.99","136.25","2.28M","-0.73%"
"04/27/2018","137.33","137.54","137.74","136.80","1.13M","0.07%"
"04/26/2018","137.24","136.52","137.68","136.25","1.28M","0.95%"
"04/25/2018","135.95","135.77","136.25","134.61","2.28M","0.11%"
"04/24/2018","135.80","138.10","138.19","134.86","3.05M","-1.20%"
"04/23/2018","137.45","137.78","138.16","136.81","2.03M","-0.04%"
"04/20/2018","137.50","138.56","138.67","137.03","1.67M","-0.79%"
"04/19/2018","138.60","138.98","139.18","138.02","4.00M","-0.55%"
"04/18/2018","139.36","139.54","139.85","139.09","1.55M","0.14%"
"04/17/2018","139.17","138.73","139.53","138.43","2.22M","1.05%"
"04/16/2018","137.72","137.54","138.15","136.97","2.89M","0.83%"
"04/13/2018","136.58","137.72","137.75","136.01","2.19M","-0.28%"
"04/12/2018","136.97","136.73","137.53","136.51","1.86M","0.81%"
"04/11/2018","135.87","135.67","136.83","135.40","2.06M","-0.46%"
"04/10/2018","136.50","136.00","136.97","135.46","2.15M","1.62%"
"04/09/2018","134.32","134.72","136.30","134.16","2.24M","0.34%"
"04/06/2018","133.87","135.73","136.54","132.92","4.94M","-2.10%"
"04/05/2018","136.74","136.65","137.23","136.11","2.68M","0.70%"
"04/04/2018","135.79","132.19","136.10","132.10","2.93M","1.12%"
"04/03/2018","134.28","133.35","134.54","132.35","3.74M","1.24%"
"04/02/2018","132.63","135.29","135.57","131.26","5.70M","-2.28%"
"03/29/2018","135.72","134.49","136.59","134.16","2.35M","1.37%"
"03/28/2018","133.88","134.36","135.19","133.23","4.74M","-0.23%"
"03/27/2018","134.19","137.18","137.31","133.43","3.31M","-1.77%"
"03/26/2018","136.61","135.09","136.73","133.76","3.86M","2.64%"
"03/23/2018","133.10","136.13","136.65","133.03","5.70M","-2.10%"
"03/22/2018","135.95","138.15","138.61","135.85","3.13M","-2.84%"
"03/21/2018","139.93","140.05","141.24","139.78","2.11M","-0.09%"
"03/20/2018","140.05","140.00","140.42","139.66","1.67M","0.15%"
"03/19/2018","139.84","141.16","141.40","138.86","3.15M","-1.28%"
"03/16/2018","141.66","141.58","142.19","141.58","2.64M","0.17%"
"03/15/2018","141.42","141.96","142.22","141.11","1.93M","-0.13%"
"03/14/2018","141.61","142.90","142.99","141.35","2.10M","-0.51%"
"03/13/2018","142.33","143.86","144.14","142.01","2.08M","-0.62%"
"03/12/2018","143.22","143.49","143.85","142.96","2.00M","-0.06%"
"03/09/2018","143.30","141.79","143.30","141.55","2.33M","1.66%"
"03/08/2018","140.96","140.83","141.03","140.11","2.31M","0.38%"
"03/07/2018","140.43","139.05","140.61","138.97","2.57M","0.09%"
"03/06/2018","140.31","140.36","140.61","139.32","2.79M","0.36%"
"03/05/2018","139.80","137.55","140.15","137.50","2.92M","1.13%"
"03/02/2018","138.24","136.28","138.51","135.83","3.02M","0.65%"
"03/01/2018","137.35","139.07","139.88","136.40","4.85M","-1.19%"
"02/28/2018","139.00","141.18","141.40","138.97","2.29M","-1.10%"
"02/27/2018","140.55","142.41","142.86","140.55","2.31M","-1.26%"
"02/26/2018","142.34","141.50","142.41","141.04","1.77M","1.05%"
"02/23/2018","140.86","139.45","140.86","139.14","1.44M","1.55%"
"02/22/2018","138.71","139.19","140.09","138.38","2.11M","0.06%"
"02/21/2018","138.62","139.45","140.96","138.61","2.18M","-0.47%"
"02/20/2018","139.27","139.56","140.44","138.82","2.49M","-0.60%"
"02/16/2018","140.11","139.68","141.23","139.67","2.81M","0.04%"
"02/15/2018","140.05","139.33","140.05","137.95","2.85M","1.22%"
"02/14/2018","138.36","135.62","138.55","135.57","3.08M","1.40%"
"02/13/2018","136.45","135.34","136.70","135.01","2.97M","0.32%"
"02/12/2018","136.02","135.35","136.85","134.23","4.25M","1.33%"
"02/09/2018","134.23","133.90","135.21","129.84","9.47M","1.37%"
"02/08/2018","132.41","137.53","137.80","132.35","7.68M","-3.60%"
"02/07/2018","137.35","137.83","139.56","137.35","6.18M","-0.44%"
"02/06/2018","137.96","133.26","138.24","132.50","10.79M","1.64%"
"02/05/2018","135.74","140.21","141.40","135.15","10.36M","-3.93%"
"02/02/2018","141.30","143.51","143.68","141.24","5.32M","-2.13%"
"02/01/2018","144.37","143.98","145.02","143.84","2.92M","-0.04%"
"01/31/2018","144.43","144.94","145.24","143.79","4.67M","0.03%"
"01/30/2018","144.38","144.74","145.15","144.15","4.90M","-1.04%"
"01/29/2018","145.90","146.58","146.82","145.82","2.69M","-0.65%"
"01/26/2018","146.86","145.82","146.87","145.63","2.00M","1.05%"
"01/25/2018","145.34","145.84","145.84","144.87","4.23M","0.04%"
"01/24/2018","145.28","145.85","146.11","144.63","3.41M","-0.10%"
"01/23/2018","145.42","145.10","145.57","144.92","2.26M","0.25%"
"01/22/2018","145.06","143.84","145.06","143.84","2.85M","0.79%"
"01/19/2018","143.92","143.49","143.93","143.19","2.12M","0.52%"
"01/18/2018","143.18","143.42","143.58","142.90","2.71M","-0.17%"
"01/17/2018","143.43","142.72","143.64","142.25","2.76M","0.92%"
"01/16/2018","142.12","143.53","143.82","141.71","3.97M","-0.44%"
"01/12/2018","142.75","142.08","142.85","142.00","2.66M","0.58%"
"01/11/2018","141.92","141.00","141.92","140.97","2.19M","0.85%"
"01/10/2018","140.73","140.57","140.85","140.07","2.01M","-0.16%"
"01/09/2018","140.95","140.92","141.31","140.71","2.63M","0.18%"
"01/08/2018","140.69","140.31","140.77","140.10","2.66M","0.23%"
"01/05/2018","140.37","140.02","140.44","139.72","2.19M","0.59%"
"01/04/2018","139.55","139.42","139.81","139.35","2.57M","0.38%"
"01/03/2018","139.02","138.39","139.10","138.30","3.05M","0.58%"
"01/02/2018","138.22","137.75","138.22","137.44","3.70M","0.71%"
"12/29/2017","137.25","138.08","138.10","137.15","2.26M","-0.37%"
"12/28/2017","137.76","137.79","137.81","137.51","2.94M","0.22%"
"12/27/2017","137.46","137.58","137.72","137.34","2.24M","0.04%"
"12/26/2017","137.41","137.34","137.52","137.29","2.05M","-0.08%"
"12/22/2017","137.52","137.64","137.86","137.19","1.93M","-0.04%"
"12/21/2017","137.57","137.62","137.93","137.39","2.11M","-0.26%"
"12/20/2017","137.93","138.50","138.55","137.68","2.52M","-0.01%"
"12/19/2017","137.94","138.72","138.72","137.90","3.64M","-0.40%"
"12/18/2017","138.50","138.26","138.68","138.26","2.70M","0.69%"
"12/15/2017","137.55","136.95","137.83","136.87","2.29M","0.89%"
"12/14/2017","136.33","137.22","137.24","136.27","1.86M","-0.47%"
"12/13/2017","136.97","137.03","137.43","136.91","1.86M","0.01%"
"12/12/2017","136.95","136.98","137.25","136.81","1.52M","0.11%"
"12/11/2017","136.80","136.50","136.83","136.48","1.93M","0.23%"
"12/08/2017","136.48","136.27","136.52","136.07","1.50M","0.52%"
"12/07/2017","135.77","135.14","135.94","135.08","1.54M","0.40%"
"12/06/2017","135.23","135.11","135.46","135.00","2.84M","-0.06%"
"12/05/2017","135.31","136.09","136.33","135.23","2.58M","-0.43%"
"12/04/2017","135.89","137.04","137.38","135.88","3.12M","-0.13%"
"12/01/2017","136.07","136.28","136.50","134.04","3.59M","-0.20%"
"11/30/2017","136.34","135.88","136.92","135.78","2.85M","0.77%"
"11/29/2017","135.30","135.46","135.79","135.02","2.07M","0.00%"
"11/28/2017","135.30","134.25","135.36","134.14","2.92M","0.99%"
"11/27/2017","133.97","134.12","134.29","133.87","1.75M","-0.10%"
"11/24/2017","134.11","134.08","134.13","133.98","670.55K","0.23%"
"11/22/2017","133.80","133.94","134.00","133.69","1.30M","-0.07%"
"11/21/2017","133.90","133.44","133.94","133.41","1.96M","0.69%"
"11/20/2017","132.98","132.82","133.05","132.68","1.81M","0.26%"
"11/17/2017","132.64","132.64","132.91","132.61","4.85M","-0.19%"
"11/16/2017","132.89","132.11","133.10","132.11","1.73M","0.91%"
"11/15/2017","131.69","131.79","132.08","131.21","1.77M","-0.51%"
"11/14/2017","132.37","132.22","132.42","131.79","3.78M","-0.18%"
"11/13/2017","132.61","132.11","132.75","132.08","1.88M","0.05%"
"11/10/2017","132.54","132.24","132.63","132.17","2.04M","0.02%"
"11/09/2017","132.52","132.38","132.74","131.62","4.32M","-0.41%"
"11/08/2017","133.06","132.73","133.12","132.55","1.27M","0.17%"
"11/07/2017","132.84","133.16","133.33","132.53","2.53M","-0.17%"
"11/06/2017","133.07","132.77","133.16","132.75","2.02M","0.19%"
"11/03/2017","132.82","132.54","132.88","132.28","2.68M","0.26%"
"11/02/2017","132.47","132.34","132.53","131.82","5.10M","0.02%"
"11/01/2017","132.44","132.83","133.03","132.17","2.28M","0.08%"
"10/31/2017","132.33","132.27","132.50","132.12","2.38M","0.20%"
"10/30/2017","132.06","132.42","132.54","131.90","1.69M","-0.44%"
"10/27/2017","132.64","131.94","132.67","131.76","2.67M","0.81%"
"10/26/2017","131.57","131.72","132.01","131.49","5.40M","0.13%"
"10/25/2017","131.40","131.91","131.95","130.69","2.19M","-0.52%"
"10/24/2017","132.09","132.16","132.23","131.89","1.57M","0.17%"
"10/23/2017","131.86","132.63","132.68","131.79","1.76M","-0.42%"
"10/20/2017","132.42","132.07","132.45","132.07","1.75M","0.54%"
"10/19/2017","131.71","131.25","131.71","130.94","1.94M","0.02%"
"10/18/2017","131.68","131.80","131.83","131.57","1.47M","0.13%"
"10/17/2017","131.51","131.50","131.57","131.34","1.34M","0.05%"
"10/16/2017","131.45","131.50","131.65","131.27","1.79M","0.07%"
"10/13/2017","131.36","131.55","131.59","131.28","1.54M","0.08%"
"10/12/2017","131.26","131.16","131.45","131.12","2.17M","-0.12%"
"10/11/2017","131.42","131.24","131.43","131.10","2.01M","0.14%"
"10/10/2017","131.24","131.25","131.48","130.94","2.92M","0.24%"
"10/09/2017","130.93","131.30","131.36","130.76","1.01M","-0.20%"
"10/06/2017","131.19","131.06","131.23","130.91","1.64M","-0.07%"
"10/05/2017","131.28","130.73","131.34","130.72","2.39M","0.53%"
"10/04/2017","130.59","130.45","130.78","130.30","1.50M","0.10%"
"10/03/2017","130.46","130.31","130.50","130.13","1.83M","0.20%"
"10/02/2017","130.20","129.64","130.20","129.55","2.68M","0.53%"
"09/29/2017","129.52","129.02","129.56","129.01","1.72M","0.33%"
"09/28/2017","129.10","128.82","129.13","128.66","1.48M","0.16%"
"09/27/2017","128.89","128.84","129.10","128.17","2.37M","0.55%"
"09/26/2017","128.19","128.35","128.51","128.11","1.85M","0.02%"
"09/25/2017","128.16","128.24","128.43","127.69","2.19M","-0.16%"
"09/22/2017","128.37","128.14","128.44","127.99","1.60M","-0.35%"
"09/21/2017","128.82","129.12","129.13","128.72","1.73M","-0.28%"
"09/20/2017","129.18","129.10","129.21","128.60","1.73M","0.16%"
"09/19/2017","128.97","129.06","129.10","128.85","1.24M","0.05%"
"09/18/2017","128.91","128.85","129.10","128.69","1.79M","0.24%"
"09/15/2017","128.60","128.31","128.62","128.20","1.53M","0.19%"
"09/14/2017","128.36","128.23","128.48","128.07","1.49M","-0.03%"
"09/13/2017","128.40","128.23","128.41","128.12","1.69M","0.05%"
"09/12/2017","128.34","128.04","128.34","128.00","2.26M","0.38%"
"09/11/2017","127.85","127.15","127.91","127.15","1.35M","1.08%"
"09/08/2017","126.49","126.35","126.74","126.27","1.21M","-0.07%"
"09/07/2017","126.58","126.96","126.96","126.32","1.22M","-0.05%"
"09/06/2017","126.64","126.69","126.86","126.32","1.45M","0.28%"
"09/05/2017","126.29","126.92","127.10","125.69","2.32M","-0.77%"
"09/01/2017","127.27","127.23","127.46","127.12","2.12M","0.23%"
"08/31/2017","126.98","126.46","127.14","126.46","3.38M","0.68%"
"08/30/2017","126.12","125.46","126.28","125.38","1.73M","0.53%"
"08/29/2017","125.46","124.59","125.62","124.52","1.31M","0.04%"
"08/28/2017","125.41","125.66","125.66","125.11","1.79M","0.04%"
"08/25/2017","125.36","125.42","125.85","125.24","1.16M","0.24%"
"08/24/2017","125.06","125.50","125.63","124.94","1.38M","-0.16%"
"08/23/2017","125.26","125.07","125.51","125.02","1.27M","-0.30%"
"08/22/2017","125.64","124.73","125.75","124.56","2.09M","1.00%"
"08/21/2017","124.39","124.22","124.48","123.79","1.63M","0.14%"
"08/18/2017","124.21","124.48","124.94","123.95","2.84M","-0.17%"
"08/17/2017","124.42","126.09","126.28","124.42","3.44M","-1.59%"
"08/16/2017","126.43","126.50","126.80","126.23","1.38M","0.18%"
"08/15/2017","126.20","126.61","126.63","126.08","1.52M","-0.09%"
"08/14/2017","126.32","125.80","126.43","125.61","1.47M","1.02%"
"08/11/2017","125.04","124.94","125.33","124.80","2.04M","0.18%"
"08/10/2017","124.81","126.14","126.21","124.80","2.46M","-1.47%"
"08/09/2017","126.67","126.35","126.69","126.17","1.68M","-0.11%"
"08/08/2017","126.81","127.05","127.72","126.61","1.36M","-0.28%"
"08/07/2017","127.16","127.06","127.18","126.88","1.11M","0.20%"
"08/04/2017","126.91","127.00","127.07","126.70","972.37K","0.21%"
"08/03/2017","126.64","126.90","126.91","126.52","2.58M","-0.23%"
"08/02/2017","126.93","127.14","127.14","126.37","2.93M","-0.09%"
"08/01/2017","127.05","127.18","127.21","126.80","1.79M","0.21%"
"07/31/2017","126.79","127.11","127.18","126.62","1.50M","-0.06%"
"07/28/2017","126.86","126.78","126.96","126.54","1.47M","-0.17%"
"07/27/2017","127.07","127.58","127.58","126.31","1.71M","-0.17%"
"07/26/2017","127.29","127.55","127.60","127.17","1.62M","-0.07%"
"07/25/2017","127.38","127.51","127.57","127.20","1.71M","0.33%"
"07/24/2017","126.96","126.91","127.06","126.69","4.90M","0.01%"
"07/21/2017","126.95","126.81","126.99","126.64","1.82M","-0.13%"
"07/20/2017","127.12","127.28","127.28","126.80","1.46M","0.06%"
"07/19/2017","127.04","126.51","127.05","126.51","1.28M","0.58%"
"07/18/2017","126.31","126.11","126.33","125.78","2.01M","0.06%"
"07/17/2017","126.23","126.28","126.45","126.12","1.80M","0.00%"
"07/14/2017","126.23","125.77","126.50","125.65","1.41M","0.45%"
"07/13/2017","125.67","125.56","125.76","125.31","1.51M","0.16%"
"07/12/2017","125.47","125.20","125.63","125.10","1.99M","0.71%"
"07/11/2017","124.58","124.53","124.73","123.83","1.56M","-0.02%"
"07/10/2017","124.61","124.50","124.83","124.36","1.40M","0.07%"
"07/07/2017","124.52","123.96","124.62","123.90","1.71M","0.70%"
"07/06/2017","123.66","124.44","124.55","123.56","1.98M","-0.98%"
"07/05/2017","124.89","124.98","125.02","124.39","2.17M","0.11%"
"07/03/2017","124.75","124.99","125.30","124.75","1.65M","0.24%"
"06/30/2017","124.45","124.76","124.90","124.30","1.91M","0.14%"
"06/29/2017","124.28","125.46","125.48","123.48","2.35M","-0.80%"
"06/28/2017","125.28","124.77","125.41","124.59","2.44M","0.94%"
"06/27/2017","124.11","125.09","125.23","124.10","2.39M","-0.82%"
"06/26/2017","125.14","125.45","125.69","124.95","2.61M","0.07%"
"06/23/2017","125.05","124.81","125.19","124.58","1.83M","0.25%"
"06/22/2017","124.74","124.78","125.08","124.59","1.64M","0.04%"
"06/21/2017","124.69","125.11","125.20","124.51","3.36M","-0.57%"
"06/20/2017","125.41","126.16","126.17","125.40","1.36M","-0.68%"
"06/19/2017","126.27","125.67","126.35","125.67","1.82M","0.81%"
"06/16/2017","125.25","125.42","125.53","124.74","2.02M","-0.06%"
"06/15/2017","125.33","124.77","125.34","124.62","2.48M","-0.22%"
"06/14/2017","125.61","126.00","126.02","125.10","2.58M","-0.14%"
"06/13/2017","125.79","125.52","125.84","125.32","1.57M","0.50%"
"06/12/2017","125.17","125.06","125.20","124.63","1.97M","-0.02%"
"06/09/2017","125.19","125.48","126.02","124.45","2.59M","-0.08%"
"06/08/2017","125.29","125.12","125.53","124.88","1.83M","0.18%"
"06/07/2017","125.07","125.12","125.24","124.68","1.25M","0.11%"
"06/06/2017","124.93","124.96","125.29","124.78","2.99M","-0.26%"
"06/05/2017","125.25","125.42","125.50","125.22","1.49M","-0.13%"
"06/02/2017","125.41","125.09","125.58","124.87","2.84M","0.33%"
"06/01/2017","125.00","124.17","125.00","123.96","1.93M","0.93%"
"05/31/2017","123.85","124.01","124.09","123.31","2.04M","-0.03%"
"05/30/2017","123.89","123.87","124.06","123.71","1.35M","-0.16%"
"05/26/2017","124.09","124.00","124.15","123.93","1.32M","-0.02%"
"05/25/2017","124.11","123.90","124.27","123.78","1.49M","0.42%"
"05/24/2017","123.59","123.44","123.66","123.23","1.55M","0.29%"
"05/23/2017","123.23","123.25","123.39","122.95","1.80M","0.17%"
"05/22/2017","123.02","122.67","123.10","122.64","1.81M","0.53%"
"05/19/2017","122.37","121.91","122.77","121.82","2.14M","0.72%"
"05/18/2017","121.50","120.94","122.02","120.85","2.88M","0.30%"
"05/17/2017","121.14","122.31","122.56","121.07","3.70M","-1.80%"
"05/16/2017","123.36","123.63","123.65","123.07","2.13M","-0.06%"
"05/15/2017","123.43","123.07","123.59","123.04","3.10M","0.54%"
"05/12/2017","122.77","122.91","122.91","122.59","1.24M","-0.20%"
"05/11/2017","123.01","123.02","123.13","122.33","1.50M","-0.29%"
"05/10/2017","123.37","123.09","123.38","122.93","1.47M","0.22%"
"05/09/2017","123.10","123.36","123.43","122.85","1.85M","-0.03%"
"05/08/2017","123.14","123.36","123.45","122.90","2.15M","-0.15%"
"05/05/2017","123.33","122.95","123.33","122.68","2.06M","0.50%"
"05/04/2017","122.72","122.83","122.83","122.16","1.56M","0.07%"
"05/03/2017","122.63","122.59","122.78","122.28","3.69M","-0.24%"
"05/02/2017","122.93","123.09","123.25","122.70","1.76M","0.00%"
"05/01/2017","122.93","122.93","123.19","122.62","1.98M","0.26%"
"04/28/2017","122.61","123.16","123.21","122.55","1.80M","-0.33%"
"04/27/2017","123.02","123.12","123.21","122.69","1.87M","0.10%"
"04/26/2017","122.90","122.90","123.45","122.85","3.08M","0.02%"
"04/25/2017","122.87","122.56","123.09","122.52","2.15M","0.62%"
"04/24/2017","122.11","122.17","122.28","121.88","2.18M","1.06%"
"04/21/2017","120.83","121.21","121.21","120.61","2.01M","-0.32%"
"04/20/2017","121.22","120.59","121.43","120.37","1.78M","0.82%"
"04/19/2017","120.23","120.72","120.92","120.08","1.81M","-0.08%"
"04/18/2017","120.33","120.20","120.56","119.85","1.87M","-0.22%"
"04/17/2017","120.59","119.88","120.61","119.68","3.20M","0.87%"
"04/13/2017","119.55","120.15","120.56","119.55","2.85M","-0.68%"
"04/12/2017","120.37","120.88","120.99","120.23","1.97M","-0.51%"
"04/11/2017","120.99","120.87","121.00","120.06","2.90M","-0.03%"
"04/10/2017","121.03","121.04","121.51","120.70","1.67M","0.12%"
"04/07/2017","120.88","120.84","121.29","120.59","2.00M","-0.07%"
"04/06/2017","120.97","120.69","121.26","120.38","2.06M","0.32%"
"04/05/2017","120.59","121.49","122.02","120.44","3.91M","-0.40%"
"04/04/2017","121.08","120.89","121.11","120.64","2.46M","0.05%"
"04/03/2017","121.02","121.45","121.50","120.33","3.10M","-0.25%"
"03/31/2017","121.32","121.42","121.72","121.26","1.82M","-0.17%"
"03/30/2017","121.53","121.14","121.62","120.99","2.08M","0.37%"
"03/29/2017","121.08","120.88","121.23","120.58","3.20M","0.18%"
"03/28/2017","120.86","119.96","121.14","119.78","2.70M","0.70%"
"03/27/2017","120.02","119.18","120.19","118.89","2.93M","-0.12%"
"03/24/2017","120.16","120.42","120.74","119.66","2.31M","-0.44%"
"03/23/2017","120.69","120.66","121.39","120.47","2.26M","-0.03%"
"03/22/2017","120.73","120.48","120.91","120.10","2.90M","0.13%"
"03/21/2017","120.57","122.69","122.72","120.44","3.36M","-1.39%"
"03/20/2017","122.27","122.51","122.62","122.07","3.24M","-0.24%"
"03/17/2017","122.57","122.84","122.88","122.45","1.97M","-0.06%"
"03/16/2017","122.64","122.96","123.00","122.43","2.05M","-0.12%"
"03/15/2017","122.79","121.98","123.04","121.89","1.89M","0.90%"
"03/14/2017","121.69","121.87","121.87","121.24","2.27M","-0.36%"
"03/13/2017","122.13","122.06","122.16","121.86","2.00M","0.07%"
"03/10/2017","122.04","122.19","122.25","121.46","2.99M","0.36%"
"03/09/2017","121.60","121.60","121.89","121.02","3.85M","0.05%"
"03/08/2017","121.54","121.99","122.18","121.47","2.37M","-0.28%"
"03/07/2017","121.88","122.21","122.29","121.75","1.61M","-0.32%"
"03/06/2017","122.27","122.48","122.48","121.90","1.72M","-0.39%"
"03/03/2017","122.75","122.63","122.80","122.33","1.65M","0.08%"
"03/02/2017","122.65","123.42","123.42","122.61","2.42M","-0.64%"
"03/01/2017","123.44","122.81","123.73","122.65","2.87M","1.35%"
"02/28/2017","121.80","122.18","122.18","121.61","2.23M","-0.37%"
"02/27/2017","122.25","121.92","122.36","121.74","2.63M","0.22%"
"02/24/2017","121.98","121.38","121.99","121.24","2.96M","0.16%"
"02/23/2017","121.78","122.21","122.23","121.32","2.02M","-0.07%"
"02/22/2017","121.87","121.82","122.03","121.68","1.97M","-0.13%"
"02/21/2017","122.03","121.55","122.13","121.39","2.42M","0.59%"
"02/17/2017","121.31","120.66","121.31","120.66","1.95M","0.15%"
"02/16/2017","121.13","121.25","121.37","120.64","2.03M","-0.09%"
"02/15/2017","121.24","120.57","121.35","120.45","2.00M","0.55%"
"02/14/2017","120.58","120.10","120.63","119.85","2.05M","0.37%"
"02/13/2017","120.14","119.92","120.33","119.87","1.99M","0.50%"
"02/10/2017","119.54","119.29","119.70","119.21","1.84M","0.42%"
"02/09/2017","119.04","118.42","119.21","118.38","1.64M","0.66%"
"02/08/2017","118.26","117.92","118.32","117.69","1.84M","0.11%"
"02/07/2017","118.13","118.43","118.53","117.96","3.37M","-0.01%"
"02/06/2017","118.14","118.26","118.41","117.94","1.60M","-0.24%"
"02/03/2017","118.42","117.99","118.52","117.92","1.84M","0.76%"
"02/02/2017","117.53","117.21","117.72","117.02","1.75M","0.07%"
"02/01/2017","117.45","117.86","118.04","117.07","2.61M","-0.01%"
"01/31/2017","117.46","117.00","117.46","116.73","3.31M","0.09%"
"01/30/2017","117.36","117.73","117.80","116.68","3.01M","-0.68%"
"01/27/2017","118.16","118.45","118.48","118.02","1.48M","-0.16%"
"01/26/2017","118.35","118.56","118.62","118.23","2.18M","-0.14%"
"01/25/2017","118.52","118.02","118.56","117.94","2.43M","0.86%"
"01/24/2017","117.51","116.82","117.74","116.74","2.17M","0.78%"
"01/23/2017","116.60","116.75","116.97","116.17","1.94M","-0.27%"
"01/20/2017","116.91","116.84","117.23","116.59","2.64M","0.34%"
"01/19/2017","116.51","117.03","117.14","116.24","1.90M","-0.39%"
"01/18/2017","116.97","116.80","117.00","116.48","1.90M","0.23%"
"01/17/2017","116.70","116.86","117.06","116.47","2.58M","-0.44%"
"01/13/2017","117.22","116.99","117.40","116.98","2.03M","0.25%"
"01/12/2017","116.93","117.04","117.04","116.01","2.34M","-0.26%"
"01/11/2017","117.24","116.91","117.24","116.49","2.75M","0.32%"
"01/10/2017","116.87","116.76","117.36","116.62","2.06M","0.08%"
"01/09/2017","116.78","117.10","117.14","116.73","2.46M","-0.38%"
"01/06/2017","117.23","117.02","117.52","116.64","2.32M","0.32%"
"01/05/2017","116.86","116.95","117.09","116.40","2.60M","-0.20%"
"01/04/2017","117.09","116.47","117.19","116.42","3.23M","0.77%"
"01/03/2017","116.20","116.15","116.55","115.49","2.73M","0.76%"
"12/30/2016","115.32","116.00","116.00","114.96","2.91M","-0.37%"
"12/29/2016","115.75","115.74","116.03","115.47","1.62M","0.01%"
"12/28/2016","115.74","116.88","116.93","115.66","2.59M","-0.83%"
"12/27/2016","116.71","116.57","116.99","116.50","3.39M","0.25%"
"12/23/2016","116.42","116.23","116.42","116.13","2.33M","0.15%"
"12/22/2016","116.24","116.42","116.51","115.98","3.11M","-0.26%"
"12/21/2016","116.54","116.87","116.92","116.54","2.25M","-0.28%"
"12/20/2016","116.87","116.88","116.93","116.60","2.94M","-0.20%"
"12/19/2016","117.10","116.96","117.32","116.80","2.41M","0.28%"
"12/16/2016","116.77","117.27","117.38","116.59","1.99M","-0.15%"
"12/15/2016","116.95","116.56","117.53","116.50","3.34M","0.41%"
"12/14/2016","116.47","117.48","117.73","116.23","3.89M","-0.90%"
"12/13/2016","117.53","117.30","117.79","117.13","4.39M","0.58%"
"12/12/2016","116.85","117.12","117.35","116.59","4.22M","-0.26%"
"12/09/2016","117.15","116.77","117.15","116.62","2.31M","0.54%"
"12/08/2016","116.52","116.18","116.85","115.97","2.68M","0.36%"
"12/07/2016","116.10","114.63","116.19","114.51","4.00M","1.24%"
"12/06/2016","114.68","114.34","114.70","114.02","2.36M","0.51%"
"12/05/2016","114.10","113.90","114.37","113.77","3.84M","0.70%"
"12/02/2016","113.31","113.34","113.67","113.15","1.76M","0.00%"
"12/01/2016","113.31","114.03","114.03","113.07","2.60M","-0.41%"
"11/30/2016","113.78","114.47","114.55","113.78","4.41M","-0.24%"
"11/29/2016","114.05","113.90","114.35","113.68","1.54M","0.14%"
"11/28/2016","113.89","114.32","114.41","113.80","1.85M","-0.58%"
"11/25/2016","114.55","114.35","114.55","114.21","889.82K","0.39%"
"11/23/2016","114.11","113.72","114.12","113.49","1.82M","0.14%"
"11/22/2016","113.95","113.88","114.04","113.44","2.67M","0.29%"
"11/21/2016","113.62","113.12","113.63","112.87","2.49M","0.75%"
"11/18/2016","112.77","113.05","113.12","112.67","2.30M","-0.19%"
"11/17/2016","112.98","112.53","113.04","112.35","1.87M","0.51%"
"11/16/2016","112.41","112.37","112.53","112.14","7.11M","-0.14%"
"11/15/2016","112.57","112.04","112.60","111.76","6.04M","0.78%"
"11/14/2016","111.70","111.78","112.05","111.29","5.23M","0.26%"
"11/11/2016","111.41","111.00","111.51","110.69","4.01M","0.04%"
"11/10/2016","111.37","111.59","112.13","110.48","5.08M","0.33%"
"11/09/2016","111.00","108.77","111.33","108.50","6.48M","1.26%"
"11/08/2016","109.62","109.01","109.99","108.73","2.07M","0.43%"
"11/07/2016","109.15","108.41","109.17","108.21","2.53M","2.21%"
"11/04/2016","106.79","106.89","107.51","106.69","2.81M","-0.07%"
"11/03/2016","106.86","107.42","107.63","106.71","2.10M","-0.44%"
"11/02/2016","107.33","107.87","108.08","107.11","2.96M","-0.69%"
"11/01/2016","108.08","109.10","109.19","107.39","3.17M","-0.74%"
"10/31/2016","108.89","109.05","109.20","108.81","1.91M","0.06%"
"10/28/2016","108.82","109.11","109.56","108.47","2.87M","-0.33%"
"10/27/2016","109.18","110.00","110.00","109.08","1.60M","-0.34%"
"10/26/2016","109.55","109.47","109.97","109.26","1.83M","-0.30%"
"10/25/2016","109.88","110.25","110.33","109.79","2.08M","-0.43%"
"10/24/2016","110.35","110.39","110.60","110.13","2.00M","0.50%"
"10/21/2016","109.80","109.41","109.89","109.20","1.23M","-0.04%"
"10/20/2016","109.84","109.90","110.17","109.42","2.02M","-0.19%"
"10/19/2016","110.05","109.94","110.25","109.62","1.41M","0.32%"
"10/18/2016","109.70","109.92","110.03","109.50","1.64M","0.59%"
"10/17/2016","109.06","109.38","109.54","108.94","2.51M","-0.28%"
"10/14/2016","109.37","110.00","110.32","109.36","2.67M","-0.03%"
"10/13/2016","109.40","109.01","109.72","108.48","1.99M","-0.36%"
"10/12/2016","109.79","109.78","110.13","109.46","1.85M","0.12%"
"10/11/2016","109.66","110.94","110.95","109.24","2.00M","-1.33%"
"10/10/2016","111.14","111.10","111.44","111.00","1.13M","0.54%"
"10/07/2016","110.54","111.15","111.23","110.06","1.77M","-0.38%"
"10/06/2016","110.96","110.75","111.09","110.39","1.07M","0.04%"
"10/05/2016","110.92","110.78","111.22","110.59","2.12M","0.39%"
"10/04/2016","110.49","111.12","111.22","110.10","2.70M","-0.45%"
"10/03/2016","110.99","111.09","111.23","110.63","2.21M","-0.31%"
"09/30/2016","111.33","110.97","111.71","110.75","1.72M","0.79%"
"09/29/2016","110.46","111.48","111.62","110.17","2.04M","-0.98%"
"09/28/2016","111.55","111.06","111.60","110.46","1.44M","0.59%"
"09/27/2016","110.90","110.23","110.95","109.99","1.29M","0.57%"
"09/26/2016","110.27","110.64","110.87","110.21","2.14M","-0.79%"
"09/23/2016","111.15","111.59","111.68","111.11","1.53M","-0.57%"
"09/22/2016","111.79","111.63","111.92","111.53","1.53M","0.73%"
"09/21/2016","110.98","110.11","111.08","109.71","1.97M","1.15%"
"09/20/2016","109.72","110.29","110.33","109.69","1.60M","-0.05%"
"09/19/2016","109.77","110.19","110.50","109.52","3.43M","0.15%"
"09/16/2016","109.61","109.75","109.77","109.22","2.78M","-0.40%"
"09/15/2016","110.05","108.86","110.25","108.74","2.96M","1.03%"
"09/14/2016","108.93","109.05","109.71","108.61","2.04M","0.01%"
"09/13/2016","108.92","109.95","110.01","108.57","5.12M","-2.04%"
"09/12/2016","111.19","109.19","111.40","109.05","3.04M","1.40%"
"09/09/2016","109.66","111.72","111.72","109.65","3.34M","-2.49%"
"09/08/2016","112.46","112.57","112.67","112.26","1.15M","-0.26%"
"09/07/2016","112.75","112.54","112.75","112.29","1.59M","0.13%"
"09/06/2016","112.60","112.46","112.62","112.02","4.11M","0.29%"
"09/02/2016","112.28","112.19","112.51","111.92","1.56M","0.51%"
"09/01/2016","111.71","111.77","111.89","110.97","1.67M","0.05%"
"08/31/2016","111.65","111.88","111.90","111.20","1.39M","-0.29%"
"08/30/2016","111.97","112.16","112.30","111.66","1.53M","-0.16%"
"08/29/2016","112.15","111.72","112.33","111.70","1.07M","0.55%"
"08/26/2016","111.54","111.87","112.55","111.05","1.85M","-0.21%"
"08/25/2016","111.77","111.70","112.07","111.55","1.21M","-0.06%"
"08/24/2016","111.84","112.43","112.46","111.59","2.27M","-0.56%"
"08/23/2016","112.47","112.48","112.78","112.44","3.25M","0.27%"
"08/22/2016","112.17","112.04","112.25","111.77","1.10M","0.03%"
"08/19/2016","112.14","112.00","112.23","111.72","1.00M","-0.14%"
"08/18/2016","112.30","111.92","112.30","111.71","972.07K","0.31%"
"08/17/2016","111.95","111.84","112.03","111.27","2.79M","0.13%"
"08/16/2016","111.81","112.23","112.24","111.81","1.23M","-0.57%"
"08/15/2016","112.45","112.29","112.64","112.07","1.44M","0.37%"
"08/12/2016","112.04","111.97","112.17","111.76","1.54M","-0.10%"
"08/11/2016","112.15","111.98","112.26","111.73","1.38M","0.50%"
"08/10/2016","111.59","111.94","112.05","111.42","1.26M","-0.29%"
"08/09/2016","111.92","111.94","112.18","111.75","1.03M","0.09%"
"08/08/2016","111.82","111.99","112.12","111.69","1.24M","-0.06%"
"08/05/2016","111.89","111.42","111.92","111.32","1.38M","0.83%"
"08/04/2016","110.97","110.85","111.18","110.69","1.11M","0.12%"
"08/03/2016","110.84","110.39","110.86","110.21","1.35M","0.37%"
"08/02/2016","110.43","111.19","111.23","109.95","2.47M","-0.75%"
"08/01/2016","111.27","111.40","111.67","111.00","2.09M","-0.13%"
"07/29/2016","111.42","111.09","111.61","110.82","1.64M","0.23%"
"07/28/2016","111.16","110.89","111.38","110.66","1.95M","0.13%"
"07/27/2016","111.02","111.41","111.42","110.56","1.98M","-0.12%"
"07/26/2016","111.15","111.06","111.34","110.63","1.43M","0.11%"
"07/25/2016","111.03","111.24","111.27","110.69","1.39M","-0.26%"
"07/22/2016","111.32","110.90","111.36","110.71","3.55M","0.48%"
"07/21/2016","110.79","111.18","111.29","110.52","3.39M","-0.40%"
"07/20/2016","111.23","110.68","111.33","110.66","1.14M","0.53%"
"07/19/2016","110.64","110.62","110.75","110.40","3.15M","-0.20%"
"07/18/2016","110.86","110.65","110.93","110.44","1.36M","0.28%"
"07/15/2016","110.55","110.89","110.97","110.29","1.39M","-0.11%"
"07/14/2016","110.67","110.72","110.99","110.46","1.56M","0.48%"
"07/13/2016","110.14","110.43","110.50","109.81","1.49M","-0.05%"
"07/12/2016","110.20","109.88","110.40","109.68","3.22M","0.83%"
"07/11/2016","109.29","109.19","109.62","109.00","3.87M","0.41%"
"07/08/2016","108.84","107.91","108.99","107.86","2.36M","1.56%"
"07/07/2016","107.17","107.37","107.77","106.75","1.67M","-0.05%"
"07/06/2016","107.22","106.20","107.26","105.88","1.77M","0.61%"
"07/05/2016","106.57","106.94","107.00","106.14","3.02M","-0.75%"
"07/01/2016","107.37","107.10","107.75","107.07","2.94M","0.20%"
"06/30/2016","107.16","106.01","107.20","105.62","5.55M","1.37%"
"06/29/2016","105.71","104.68","105.83","104.65","2.64M","1.79%"
"06/28/2016","103.85","103.08","103.86","102.83","7.57M","1.83%"
"06/27/2016","101.98","103.22","103.23","101.51","5.22M","-1.98%"
"06/24/2016","104.04","104.12","105.94","103.86","7.37M","-3.65%"
"06/23/2016","107.98","107.42","108.00","107.14","1.62M","1.38%"
"06/22/2016","106.51","106.80","107.28","106.44","2.00M","-0.22%"
"06/21/2016","106.75","106.80","106.99","106.39","2.25M","0.22%"
"06/20/2016","106.52","106.93","107.39","106.46","2.40M","0.68%"
"06/17/2016","105.80","106.12","106.12","105.39","1.71M","-0.33%"
"06/16/2016","106.15","105.30","106.18","104.70","1.88M","0.29%"
"06/15/2016","105.84","106.19","106.60","105.74","1.84M","-0.10%"
"06/14/2016","105.95","105.90","106.33","105.36","2.17M","-0.62%"
"06/13/2016","106.61","107.15","107.68","106.59","2.38M","-0.83%"
"06/10/2016","107.50","107.78","107.92","107.16","1.67M","-1.03%"
"06/09/2016","108.62","108.45","108.73","108.22","1.74M","-0.20%"
"06/08/2016","108.84","108.61","108.93","108.50","1.29M","0.35%"
"06/07/2016","108.46","108.39","108.81","108.32","1.27M","0.19%"
"06/06/2016","108.25","107.84","108.46","107.80","1.78M","0.52%"
"06/03/2016","107.69","107.78","107.87","106.94","2.50M","-0.28%"
"06/02/2016","107.99","107.40","107.99","107.11","2.11M","0.33%"
"06/01/2016","107.63","107.00","107.70","106.80","2.68M","0.27%"
"05/31/2016","107.34","107.57","107.69","106.96","2.57M","-0.05%"
"05/27/2016","107.39","106.97","107.39","106.95","1.69M","0.45%"
"05/26/2016","106.91","107.02","107.14","106.73","1.80M","-0.02%"
"05/25/2016","106.93","106.51","107.14","106.51","3.27M","0.73%"
"05/24/2016","106.16","105.22","106.37","105.22","2.41M","1.34%"
"05/23/2016","104.76","104.92","105.12","104.66","1.66M","-0.12%"
"05/20/2016","104.89","104.54","105.14","104.45","2.01M","0.77%"
"05/19/2016","104.09","104.08","104.36","103.37","2.62M","-0.39%"
"05/18/2016","104.50","104.26","105.20","103.82","2.80M","-0.01%"
"05/17/2016","104.51","105.26","105.46","104.16","2.79M","-0.90%"
"05/16/2016","105.46","104.58","105.75","104.41","2.07M","1.00%"
"05/13/2016","104.42","105.08","105.48","104.22","3.75M","-0.86%"
"05/12/2016","105.33","105.82","105.88","104.72","2.47M","-0.04%"
"05/11/2016","105.37","106.09","106.29","105.34","1.53M","-0.91%"
"05/10/2016","106.34","105.50","106.40","105.41","2.40M","1.19%"
"05/09/2016","105.09","104.87","105.34","104.77","1.75M","0.10%"
"05/06/2016","104.98","104.14","104.99","104.00","1.76M","0.36%"
"05/05/2016","104.60","104.95","105.17","104.37","1.62M","-0.04%"
"05/04/2016","104.64","104.76","105.17","104.37","2.58M","-0.59%"
"05/03/2016","105.26","105.62","105.68","104.82","5.17M","-1.01%"
"05/02/2016","106.33","105.80","106.40","105.47","2.55M","0.78%"
"04/29/2016","105.51","105.80","105.96","104.81","3.07M","-0.58%"
"04/28/2016","106.13","106.63","107.30","105.87","4.83M","-0.90%"
"04/27/2016","107.09","106.66","107.33","106.42","2.27M","0.24%"
"04/26/2016","106.83","106.78","107.05","106.44","1.75M","0.27%"
"04/25/2016","106.54","106.50","106.59","106.06","2.09M","-0.24%"
"04/22/2016","106.80","106.51","106.93","106.24","1.89M","0.14%"
"04/21/2016","106.65","107.26","107.33","106.48","1.68M","-0.49%"
"04/20/2016","107.18","107.21","107.64","106.83","1.96M","0.10%"
"04/19/2016","107.07","107.02","107.31","106.61","2.10M","0.28%"
"04/18/2016","106.77","105.74","106.79","105.61","1.77M","0.67%"
"04/15/2016","106.06","106.12","106.19","105.87","1.62M","-0.05%"
"04/14/2016","106.11","106.24","106.39","105.90","1.67M","-0.04%"
"04/13/2016","106.15","105.50","106.17","105.43","2.86M","1.17%"
"04/12/2016","104.92","104.10","105.10","103.78","2.36M","0.97%"
"04/11/2016","103.91","104.65","105.05","103.91","2.28M","-0.28%"
"04/08/2016","104.20","104.57","104.90","103.91","2.34M","0.29%"
"04/07/2016","103.90","104.50","104.74","103.44","2.14M","-1.20%"
"04/06/2016","105.16","104.09","105.20","103.90","2.57M","1.10%"
"04/05/2016","104.02","104.31","104.55","103.87","2.57M","-0.97%"
"04/04/2016","105.04","105.49","105.55","104.89","1.85M","-0.42%"
"04/01/2016","105.48","104.30","105.57","103.95","3.00M","0.63%"
"03/31/2016","104.82","104.97","105.22","104.70","2.23M","-0.11%"
"03/30/2016","104.94","105.04","105.39","104.73","2.26M","0.38%"
"03/29/2016","104.54","103.19","104.55","102.96","2.93M","1.11%"
"03/28/2016","103.39","103.58","103.71","103.07","2.10M","0.07%"
"03/24/2016","103.32","102.76","103.33","102.53","2.17M","-0.03%"
"03/23/2016","103.35","104.04","104.04","103.28","6.09M","-0.82%"
"03/22/2016","104.20","103.75","104.52","103.61","1.96M","-0.03%"
"03/21/2016","104.23","103.98","104.36","103.80","2.54M","0.10%"
"03/18/2016","104.13","103.95","104.28","103.80","2.94M","0.44%"
"03/17/2016","103.67","102.87","103.92","102.60","3.47M","0.77%"
"03/16/2016","102.88","101.99","103.09","101.91","3.47M","0.63%"
"03/15/2016","102.24","102.00","102.26","101.76","2.99M","-0.81%"
"03/14/2016","103.07","102.88","103.32","102.69","2.99M","-0.12%"
"03/11/2016","103.19","102.37","103.24","102.33","3.25M","1.70%"
"03/10/2016","101.47","101.80","102.30","100.40","3.70M","-0.03%"
"03/09/2016","101.50","101.50","101.70","100.98","2.13M","0.49%"
"03/08/2016","101.01","101.73","101.80","100.91","3.44M","-1.24%"
"03/07/2016","102.28","101.65","102.56","101.56","2.96M","0.21%"
"03/04/2016","102.07","101.89","102.60","101.40","2.44M","0.34%"
"03/03/2016","101.72","101.13","101.75","100.85","2.70M","0.49%"
"03/02/2016","101.22","100.52","101.24","100.26","3.59M","0.56%"
"03/01/2016","100.66","99.13","100.67","98.84","2.96M","2.38%"
"02/29/2016","98.32","99.12","99.69","98.32","2.75M","-0.80%"
"02/26/2016","99.11","99.67","99.76","98.96","3.19M","-0.08%"
"02/25/2016","99.19","98.27","99.19","97.82","4.96M","1.18%"
"02/24/2016","98.03","96.58","98.14","95.99","3.25M","0.51%"
"02/23/2016","97.53","98.38","98.52","97.47","3.20M","-1.21%"
"02/22/2016","98.72","98.24","98.80","98.11","2.24M","1.46%"
"02/19/2016","97.30","96.85","97.36","96.43","2.24M","0.02%"
"02/18/2016","97.28","97.90","97.92","97.09","2.43M","-0.40%"
"02/17/2016","97.67","96.77","97.93","96.59","3.63M","1.65%"
"02/16/2016","96.08","95.62","96.09","94.96","3.58M","1.82%"
"02/12/2016","94.36","93.47","94.38","93.01","2.95M","1.94%"
"02/11/2016","92.56","92.39","93.06","91.58","7.24M","-1.24%"
"02/10/2016","93.72","94.19","95.27","93.62","3.58M","0.06%"
"02/09/2016","93.66","92.84","94.47","92.70","4.79M","-0.13%"
"02/08/2016","93.78","94.20","94.38","92.50","6.30M","-1.55%"
"02/05/2016","95.26","96.94","97.00","94.95","3.99M","-2.06%"
"02/04/2016","97.26","96.79","97.92","96.47","3.43M","0.24%"
"02/03/2016","97.03","97.09","97.29","94.89","5.46M","0.60%"
"02/02/2016","96.45","97.50","97.55","96.16","3.28M","-1.93%"
"02/01/2016","98.35","97.75","98.81","97.37","3.87M","0.02%"
"01/29/2016","98.33","96.45","98.36","96.35","5.01M","2.48%"
"01/28/2016","95.95","96.56","96.66","95.05","4.54M","0.40%"
"01/27/2016","95.57","96.40","97.32","95.05","5.20M","-1.14%"
"01/26/2016","96.67","95.60","96.82","95.44","3.33M","1.52%"
"01/25/2016","95.22","96.64","96.65","95.11","4.47M","-1.64%"
"01/22/2016","96.81","96.33","96.89","95.95","3.70M","2.13%"
"01/21/2016","94.79","94.70","95.96","93.82","7.17M","0.39%"
"01/20/2016","94.42","94.00","95.27","91.79","13.85M","-0.99%"
"01/19/2016","95.36","96.57","96.67","94.50","7.44M","-0.10%"
"01/15/2016","95.46","95.05","95.88","94.22","8.10M","-2.10%"
"01/14/2016","97.51","96.36","98.18","95.33","5.09M","1.53%"
"01/13/2016","96.04","99.00","99.20","95.78","6.16M","-2.58%"
"01/12/2016","98.58","98.80","99.17","97.28","4.46M","0.68%"
"01/11/2016","97.91","98.55","98.67","96.78","6.86M","-0.06%"
"01/08/2016","97.97","99.61","99.99","97.78","7.02M","-1.14%"
"01/07/2016","99.10","99.90","100.80","98.87","9.26M","-2.45%"
"01/06/2016","101.59","101.53","102.23","100.95","3.73M","-1.34%"
"01/05/2016","102.97","102.90","103.18","102.30","3.65M","0.22%"
"01/04/2016","102.74","102.58","102.95","101.58","6.14M","-1.50%"
"12/31/2015","104.30","104.93","105.32","104.30","3.65M","-0.97%"
"12/30/2015","105.32","105.96","106.00","105.25","2.41M","-0.75%"
"12/29/2015","106.12","105.69","106.24","105.54","2.51M","1.07%"
"12/28/2015","105.00","104.88","105.00","104.32","3.48M","-0.22%"
"12/24/2015","105.23","105.22","105.60","105.08","1.46M","-0.12%"
"12/23/2015","105.36","104.63","105.40","104.51","3.34M","1.25%"
"12/22/2015","104.06","103.65","104.26","103.04","2.88M","0.90%"
"12/21/2015","103.13","103.19","103.28","102.37","3.24M","0.22%"
"12/18/2015","102.90","104.17","104.36","102.90","4.21M","-1.70%"
"12/17/2015","104.68","106.44","106.47","104.68","4.94M","-1.47%"
"12/16/2015","106.24","105.46","106.42","104.70","5.97M","1.45%"
"12/15/2015","104.72","104.44","105.19","104.36","2.92M","1.07%"
"12/14/2015","103.61","103.36","103.72","102.18","7.24M","0.36%"
"12/11/2015","103.24","104.17","104.43","103.07","5.10M","-1.97%"
"12/10/2015","105.31","105.18","106.06","104.92","3.69M","0.30%"
"12/09/2015","105.00","105.55","106.75","104.48","4.18M","-0.86%"
"12/08/2015","105.91","105.94","106.40","105.27","3.15M","-0.60%"
"12/07/2015","106.55","107.23","107.27","106.06","3.00M","-0.78%"
"12/04/2015","107.39","105.81","107.54","105.62","4.52M","1.84%"
"12/03/2015","105.45","107.29","107.48","105.06","3.35M","-1.49%"
"12/02/2015","107.05","108.10","108.27","106.88","2.94M","-1.04%"
"12/01/2015","108.18","107.59","108.21","107.37","2.44M","0.94%"
"11/30/2015","107.17","107.78","107.85","107.11","3.62M","-0.43%"
"11/27/2015","107.63","107.59","107.76","107.22","552.45K","0.15%"
"11/25/2015","107.47","107.51","107.66","107.25","1.82M","0.07%"
"11/24/2015","107.39","106.57","107.59","106.31","2.03M","0.26%"
"11/23/2015","107.11","107.23","107.59","106.88","3.15M","-0.10%"
"11/20/2015","107.22","107.23","107.60","106.98","1.56M","0.43%"
"11/19/2015","106.76","106.91","107.08","106.62","1.62M","-0.13%"
"11/18/2015","106.90","105.58","107.00","105.54","2.11M","1.60%"
"11/17/2015","105.22","105.51","106.09","104.97","2.24M","-0.12%"
"11/16/2015","105.35","103.80","105.36","103.69","2.64M","1.45%"
"11/13/2015","103.84","104.76","104.88","103.81","3.00M","-1.06%"
"11/12/2015","104.95","105.97","106.16","104.95","3.11M","-1.49%"
"11/11/2015","106.54","107.27","107.27","106.53","1.34M","-0.43%"
"11/10/2015","107.00","106.46","107.04","106.29","1.61M","0.22%"
"11/09/2015","106.76","107.90","107.90","106.20","2.62M","-1.00%"
"11/06/2015","107.84","107.57","107.85","106.92","2.08M","0.02%"
"11/05/2015","107.82","108.04","108.23","107.21","2.14M","-0.11%"
"11/04/2015","107.94","108.51","108.53","107.57","2.89M","-0.24%"
"11/03/2015","108.20","107.71","108.57","107.55","3.10M","0.25%"
"11/02/2015","107.93","106.78","108.00","106.68","3.40M","1.31%"
"10/30/2015","106.53","107.14","107.28","106.50","2.20M","-0.38%"
"10/29/2015","106.94","106.72","107.18","106.68","2.67M","-0.15%"
"10/28/2015","107.10","105.94","107.12","105.62","2.42M","1.31%"
"10/27/2015","105.71","105.83","105.94","105.26","1.69M","-0.33%"
"10/26/2015","106.06","106.26","106.30","105.85","3.08M","-0.24%"
"10/23/2015","106.31","106.13","106.47","105.67","2.40M","1.05%"
"10/22/2015","105.21","104.28","105.43","104.12","1.98M","1.47%"
"10/21/2015","103.69","104.71","104.86","103.59","1.78M","-0.78%"
"10/20/2015","104.51","104.39","104.91","104.19","1.81M","-0.11%"
"10/19/2015","104.63","104.30","104.67","103.97","1.46M","0.11%"
"10/16/2015","104.51","104.37","104.54","103.85","1.90M","0.38%"
"10/15/2015","104.11","102.92","104.12","102.63","2.22M","1.51%"
"10/14/2015","102.56","103.05","103.44","102.38","1.90M","-0.51%"
"10/13/2015","103.09","103.29","104.17","102.99","2.22M","-0.73%"
"10/12/2015","103.85","103.85","103.95","103.51","1.68M","0.02%"
"10/09/2015","103.83","103.80","104.06","103.43","1.65M","0.14%"
"10/08/2015","103.69","102.53","103.88","102.38","2.52M","0.87%"
"10/07/2015","102.80","102.44","102.88","101.70","2.58M","0.90%"
"10/06/2015","101.88","102.21","102.46","101.38","2.46M","-0.32%"
"10/05/2015","102.21","101.10","102.36","101.04","3.41M","1.84%"
"10/02/2015","100.36","97.96","100.37","97.38","3.65M","1.46%"
"10/01/2015","98.92","98.96","99.12","97.71","3.81M","0.20%"
"09/30/2015","98.72","98.11","98.79","97.55","3.75M","1.86%"
"09/29/2015","96.92","97.23","97.84","96.37","4.55M","-0.02%"
"09/28/2015","96.94","99.06","99.13","96.80","5.61M","-2.68%"
"09/25/2015","99.61","100.76","100.87","99.07","4.94M","-0.71%"
"09/24/2015","100.32","100.02","100.53","99.10","3.72M","-0.36%"
"09/23/2015","100.68","101.04","101.28","100.34","1.79M","-0.20%"
"09/22/2015","100.88","101.00","101.24","100.21","3.03M","-1.34%"
"09/21/2015","102.25","102.42","103.02","101.67","2.68M","0.40%"
"09/18/2015","101.84","102.05","102.89","101.58","3.27M","-1.58%"
"09/17/2015","103.48","103.64","105.02","103.24","4.73M","-0.14%"
"09/16/2015","103.62","102.87","103.73","102.70","2.45M","0.85%"
"09/15/2015","102.75","101.81","102.97","101.53","2.39M","1.26%"
"09/14/2015","101.47","101.91","101.91","101.20","3.71M","-0.38%"
"09/11/2015","101.86","101.04","101.88","100.70","2.01M","0.45%"
"09/10/2015","101.40","100.88","102.07","100.63","3.70M","0.52%"
"09/09/2015","100.88","103.24","103.40","100.69","3.69M","-1.37%"
"09/08/2015","102.28","101.59","102.32","101.06","3.34M","2.53%"
"09/04/2015","99.76","99.92","100.41","99.26","4.32M","-1.42%"
"09/03/2015","101.20","101.58","102.44","100.90","5.15M","0.12%"
"09/02/2015","101.08","100.78","101.08","99.55","7.68M","1.88%"
"09/01/2015","99.21","99.95","100.83","98.75","9.26M","-2.94%"
"08/31/2015","102.21","102.53","103.01","101.95","4.53M","-0.75%"
"08/28/2015","102.98","102.59","103.32","102.37","5.17M","0.08%"
"08/27/2015","102.90","101.97","103.05","100.92","8.78M","2.42%"
"08/26/2015","100.47","99.99","100.58","97.39","8.30M","3.63%"
"08/25/2015","96.95","101.41","101.72","96.87","9.22M","-1.19%"
"08/24/2015","98.12","96.40","101.27","93.00","18.14M","-4.02%"
"08/21/2015","102.23","104.32","104.74","102.18","9.88M","-2.88%"
"08/20/2015","105.26","106.80","107.00","105.25","4.38M","-2.17%"
"08/19/2015","107.60","108.05","108.45","107.08","2.18M","-0.89%"
"08/18/2015","108.57","108.78","108.89","108.37","2.69M","-0.26%"
"08/17/2015","108.85","107.89","108.86","107.51","1.74M","0.64%"
"08/14/2015","108.16","107.70","108.23","107.54","1.15M","0.38%"
"08/13/2015","107.75","107.91","108.23","107.44","3.55M","-0.14%"
"08/12/2015","107.90","107.01","108.03","106.09","2.61M","0.10%"
"08/11/2015","107.79","108.00","108.23","107.37","1.83M","-0.90%"
"08/10/2015","108.77","108.08","108.85","108.05","1.98M","1.25%"
"08/07/2015","107.43","107.62","107.70","106.89","3.30M","-0.29%"
"08/06/2015","107.74","108.92","108.92","107.24","1.97M","-0.82%"
"08/05/2015","108.63","108.84","109.34","108.45","1.25M","0.33%"
"08/04/2015","108.27","108.45","108.75","108.00","1.60M","-0.17%"
"08/03/2015","108.45","108.99","108.99","107.89","2.65M","-0.36%"
"07/31/2015","108.84","109.31","109.34","108.70","2.42M","-0.10%"
"07/30/2015","108.95","108.57","109.04","108.17","1.39M","0.08%"
"07/29/2015","108.86","108.18","108.98","108.06","1.62M","0.68%"
"07/28/2015","108.12","107.16","108.23","106.78","2.20M","1.19%"
"07/27/2015","106.85","107.06","107.46","106.60","2.96M","-0.66%"
"07/24/2015","107.56","108.75","108.83","107.39","2.07M","-1.05%"
"07/23/2015","108.70","109.47","109.53","108.52","1.57M","-0.58%"
"07/22/2015","109.33","109.10","109.50","109.00","1.85M","-0.15%"
"07/21/2015","109.49","109.88","110.04","109.30","1.66M","-0.44%"
"07/20/2015","109.97","110.05","110.21","109.78","1.34M","0.01%"
"07/17/2015","109.96","109.99","110.00","109.65","1.30M","0.03%"
"07/16/2015","109.93","109.85","109.95","109.65","1.31M","0.70%"
"07/15/2015","109.17","109.37","109.56","108.91","2.56M","-0.13%"
"07/14/2015","109.31","108.80","109.50","108.59","2.29M","0.45%"
"07/13/2015","108.82","108.58","108.89","108.38","2.84M","1.13%"
"07/10/2015","107.60","107.58","107.84","107.10","3.43M","1.21%"
"07/09/2015","106.31","107.15","107.69","106.27","3.06M","0.21%"
"07/08/2015","106.09","107.10","107.28","105.91","2.94M","-1.67%"
"07/07/2015","107.89","107.44","108.00","105.93","3.33M","0.55%"
"07/06/2015","107.30","106.99","107.79","106.62","2.57M","-0.26%"
"07/02/2015","107.58","108.05","108.20","107.34","3.14M","-0.13%"
"07/01/2015","107.72","108.02","108.11","107.28","12.02M","0.65%"
"06/30/2015","107.02","107.62","107.65","106.68","3.39M","0.27%"
"06/29/2015","106.73","108.03","108.50","106.65","3.64M","-2.09%"
"06/26/2015","109.01","109.29","109.39","108.65","1.50M","-0.48%"
"06/25/2015","109.54","110.20","110.24","109.45","2.11M","-0.31%"
"06/24/2015","109.88","110.56","110.71","109.86","4.93M","-0.76%"
"06/23/2015","110.72","110.73","110.85","110.46","3.08M","0.10%"
"06/22/2015","110.61","110.68","110.90","110.45","1.86M","0.61%"
"06/19/2015","109.94","110.39","110.42","109.86","1.74M","-0.43%"
"06/18/2015","110.42","109.58","110.76","109.58","2.50M","0.99%"
"06/17/2015","109.34","109.33","109.69","108.74","1.91M","0.16%"
"06/16/2015","109.16","108.45","109.25","108.40","2.60M","0.55%"
"06/15/2015","108.56","108.28","108.76","107.87","2.87M","-0.46%"
"06/12/2015","109.06","109.28","109.50","108.88","1.49M","-0.66%"
"06/11/2015","109.78","109.71","110.01","109.58","1.85M","0.28%"
"06/10/2015","109.47","108.70","109.66","108.59","1.59M","1.22%"
"06/09/2015","108.15","108.25","108.48","107.73","2.98M","-0.08%"
"06/08/2015","108.24","108.88","108.96","108.18","2.99M","-0.62%"
"06/05/2015","108.91","108.91","109.20","108.33","3.34M","-0.08%"
"06/04/2015","109.00","109.50","109.80","108.77","1.85M","-0.80%"
"06/03/2015","109.88","109.78","110.22","109.53","1.73M","0.35%"
"06/02/2015","109.50","109.25","109.93","108.95","1.93M","-0.07%"
"06/01/2015","109.58","109.80","109.96","109.06","2.35M","0.25%"
"05/29/2015","109.31","109.99","110.02","109.18","1.94M","-0.67%"
"05/28/2015","110.05","109.97","110.08","109.57","2.02M","-0.09%"
"05/27/2015","110.15","109.45","110.28","109.20","2.56M","0.92%"
"05/26/2015","109.15","110.02","110.02","108.86","2.23M","-1.04%"
"05/22/2015","110.30","110.38","110.55","110.22","1.19M","-0.19%"
"05/21/2015","110.51","110.18","110.66","110.07","1.48M","0.25%"
"05/20/2015","110.23","110.34","110.68","110.03","2.48M","-0.06%"
"05/19/2015","110.30","110.38","110.56","110.12","2.84M","-0.05%"
"05/18/2015","110.35","109.81","110.50","109.75","2.77M","0.37%"
"05/15/2015","109.94","109.88","109.99","109.60","1.86M","0.12%"
"05/14/2015","109.81","109.33","109.85","109.10","1.58M","0.99%"
"05/13/2015","108.73","108.97","109.30","108.58","2.42M","0.06%"
"05/12/2015","108.67","108.48","109.00","107.93","1.66M","-0.29%"
"05/11/2015","108.99","109.33","109.59","108.93","1.66M","-0.42%"
"05/08/2015","109.45","109.11","109.59","109.08","1.80M","1.26%"
"05/07/2015","108.09","107.60","108.36","107.38","2.36M","0.38%"
"05/06/2015","107.68","108.38","108.54","107.01","3.69M","-0.28%"
"05/05/2015","107.98","109.17","109.36","107.88","1.69M","-1.19%"
"05/04/2015","109.28","109.24","109.66","109.12","1.71M","0.35%"
"05/01/2015","108.90","108.40","108.98","108.23","3.92M","0.92%"
"04/30/2015","107.91","108.78","108.92","107.47","3.64M","-1.08%"
"04/29/2015","109.09","109.01","109.46","108.63","2.43M","-0.44%"
"04/28/2015","109.57","109.54","109.65","108.50","2.60M","0.27%"
"04/27/2015","109.28","110.19","110.28","109.17","1.83M","-0.52%"
"04/24/2015","109.85","109.92","110.00","109.62","1.78M","0.11%"
"04/23/2015","109.73","109.14","110.08","109.10","2.34M","0.31%"
"04/22/2015","109.39","109.08","109.50","108.53","1.47M","0.42%"
"04/21/2015","108.93","109.45","109.52","108.75","3.91M","-0.03%"
"04/20/2015","108.96","108.67","109.18","108.62","2.01M","0.81%"
"04/17/2015","108.08","108.70","108.80","107.61","2.66M","-1.16%"
"04/16/2015","109.35","109.23","109.63","109.06","1.49M","-0.05%"
"04/15/2015","109.40","109.24","109.69","109.08","1.51M","0.51%"
"04/14/2015","108.85","108.66","108.98","108.16","1.46M","0.15%"
"04/13/2015","108.69","109.04","109.42","108.66","3.52M","-0.39%"
"04/10/2015","109.12","108.87","109.15","108.64","2.41M","0.47%"
"04/09/2015","108.61","108.20","108.71","107.74","2.21M","0.35%"
"04/08/2015","108.23","108.00","108.43","107.72","2.45M","0.43%"
"04/07/2015","107.77","108.13","108.54","107.77","1.98M","-0.33%"
"04/06/2015","108.13","107.27","108.41","106.78","2.19M","0.69%"
"04/02/2015","107.39","107.03","107.70","106.85","2.04M","0.32%"
"04/01/2015","107.05","107.34","107.41","106.39","11.03M","-0.19%"
"03/31/2015","107.25","107.73","108.67","107.00","2.08M","-0.91%"
"03/30/2015","108.23","107.59","108.39","107.52","1.89M","1.27%"
"03/27/2015","106.87","106.60","106.97","106.42","3.30M","0.27%"
"03/26/2015","106.58","106.39","107.12","105.98","3.16M","-0.20%"
"03/25/2015","106.79","108.64","108.75","106.79","2.82M","-2.02%"
"03/24/2015","108.99","109.54","109.74","108.94","3.40M","-0.53%"
"03/23/2015","109.57","109.72","110.09","109.57","2.08M","-0.17%"
"03/20/2015","109.76","109.49","110.02","109.37","1.74M","0.84%"
"03/19/2015","108.85","109.03","109.20","108.57","3.90M","-0.36%"
"03/18/2015","109.24","107.68","109.63","107.35","3.66M","1.15%"
"03/17/2015","108.00","107.80","108.19","107.47","1.75M","-0.19%"
"03/16/2015","108.21","107.36","108.23","107.26","2.71M","1.25%"
"03/13/2015","106.87","107.37","107.40","106.17","2.07M","-0.56%"
"03/12/2015","107.47","106.47","107.50","106.42","3.91M","1.25%"
"03/11/2015","106.14","106.43","106.49","105.98","3.07M","-0.08%"
"03/10/2015","106.22","107.00","107.10","106.21","3.54M","-1.52%"
"03/09/2015","107.86","107.60","108.05","107.52","1.83M","0.37%"
"03/06/2015","107.46","108.47","108.66","107.24","2.80M","-1.39%"
"03/05/2015","108.97","109.03","109.10","108.63","1.75M","0.16%"
"03/04/2015","108.80","108.90","108.96","108.20","1.95M","-0.40%"
"03/03/2015","109.24","109.47","109.61","108.74","2.62M","-0.41%"
"03/02/2015","109.69","109.11","109.72","109.02","2.68M","0.61%"
"02/27/2015","109.02","109.35","109.48","108.97","1.83M","-0.36%"
"02/26/2015","109.41","109.45","109.53","109.02","1.74M","-0.06%"
"02/25/2015","109.48","109.49","109.78","109.26","2.65M","-0.04%"
"02/24/2015","109.52","109.28","109.63","109.04","2.86M","0.23%"
"02/23/2015","109.27","109.17","109.27","108.86","3.03M","-0.01%"
"02/20/2015","109.28","108.47","109.32","108.01","2.40M","0.56%"
"02/19/2015","108.67","108.39","108.88","108.26","2.35M","-0.03%"
"02/18/2015","108.70","108.42","108.75","108.27","2.54M","0.06%"
"02/17/2015","108.64","108.37","108.76","108.13","4.15M","0.16%"
"02/13/2015","108.47","108.00","108.48","107.92","3.15M","0.47%"
"02/12/2015","107.96","107.47","107.99","107.27","4.44M","0.96%"
"02/11/2015","106.93","106.67","107.19","106.37","2.18M","0.05%"
"02/10/2015","106.88","106.50","107.03","105.84","1.87M","1.02%"
"02/09/2015","105.80","105.99","106.35","105.59","1.77M","-0.50%"
"02/06/2015","106.33","106.88","107.17","106.02","2.84M","-0.30%"
"02/05/2015","106.65","105.94","106.72","105.84","3.16M","1.10%"
"02/04/2015","105.49","105.44","106.14","105.24","3.14M","-0.35%"
"02/03/2015","105.86","104.90","105.87","104.71","3.32M","1.53%"
"02/02/2015","104.26","103.49","104.33","102.25","4.08M","1.13%"
"01/30/2015","103.10","103.67","104.51","102.95","4.49M","-1.36%"
"01/29/2015","104.52","103.70","104.62","102.82","2.61M","0.96%"
"01/28/2015","103.53","105.64","105.72","103.41","2.83M","-1.35%"
"01/27/2015","104.95","105.37","105.61","104.36","2.71M","-1.17%"
"01/26/2015","106.19","105.75","106.22","105.20","4.11M","0.42%"
"01/23/2015","105.75","106.11","106.28","105.67","4.57M","-0.45%"
"01/22/2015","106.23","105.24","106.31","104.27","3.58M","1.52%"
"01/21/2015","104.64","103.93","104.95","103.60","3.12M","0.45%"
"01/20/2015","104.17","104.42","104.53","103.20","3.19M","0.14%"
"01/16/2015","104.02","102.61","104.11","102.42","2.77M","1.32%"
"01/15/2015","102.66","104.05","104.26","102.57","5.62M","-1.01%"
"01/14/2015","103.71","103.04","103.79","102.50","3.29M","-0.55%"
"01/13/2015","104.28","105.33","106.00","103.43","2.94M","-0.23%"
"01/12/2015","104.52","105.55","105.55","104.12","3.71M","-0.71%"
"01/09/2015","105.27","106.32","106.35","104.92","3.27M","-0.83%"
"01/08/2015","106.15","105.21","106.24","105.11","2.80M","1.76%"
"01/07/2015","104.31","104.09","104.45","103.55","3.66M","1.19%"
"01/06/2015","103.08","104.40","104.50","102.51","4.23M","-0.98%"
"01/05/2015","104.10","105.35","105.55","103.86","5.38M","-1.72%"
"01/02/2015","105.92","106.49","106.72","105.27","5.30M","-0.08%"
"12/31/2014","106.00","107.19","107.39","105.98","2.22M","-0.99%"
"12/30/2014","107.06","107.42","107.46","106.99","4.47M","-0.49%"
"12/29/2014","107.59","107.36","107.70","107.29","3.75M","0.21%"
"12/26/2014","107.36","107.31","107.63","107.27","3.29M","0.30%"
"12/24/2014","107.04","107.35","107.35","107.02","1.70M","0.03%"
"12/23/2014","107.01","107.24","107.24","106.82","4.05M","0.22%"
"12/22/2014","106.77","106.66","106.78","106.28","5.63M","-0.13%"
"12/19/2014","106.91","106.61","107.25","106.38","3.58M","0.41%"
"12/18/2014","106.47","105.56","106.47","105.03","6.38M","2.37%"
"12/17/2014","104.01","102.25","104.21","102.01","4.95M","2.14%"
"12/16/2014","101.83","102.03","104.01","101.80","7.53M","-0.74%"
"12/15/2014","102.59","103.75","104.18","102.24","4.33M","-0.73%"
"12/12/2014","103.34","104.22","104.75","103.33","3.96M","-1.57%"
"12/11/2014","104.99","104.93","105.99","104.76","3.34M","0.46%"
"12/10/2014","104.51","105.97","106.19","104.37","3.51M","-1.64%"
"12/09/2014","106.25","105.04","106.33","104.82","3.04M","0.06%"
"12/08/2014","106.19","106.77","107.07","105.80","2.07M","-0.71%"
"12/05/2014","106.95","106.86","107.17","106.70","3.31M","0.22%"
"12/04/2014","106.71","106.70","107.01","106.24","2.42M","-0.12%"
"12/03/2014","106.84","106.44","106.99","106.38","3.30M","0.45%"
"12/02/2014","106.36","105.80","106.49","105.75","2.45M","0.62%"
"12/01/2014","105.70","106.50","106.55","105.53","2.75M","-0.84%"
"11/28/2014","106.60","106.95","107.01","106.48","944.07K","-0.36%"
"11/26/2014","106.98","106.77","107.00","106.63","1.18M","0.22%"
"11/25/2014","106.74","106.92","107.07","106.50","2.31M","-0.02%"
"11/24/2014","106.76","106.65","106.77","106.50","3.99M","0.37%"
"11/21/2014","106.37","106.85","106.94","106.06","3.44M","0.53%"
"11/20/2014","105.81","105.07","105.83","104.94","1.50M","0.28%"
"11/19/2014","105.51","105.65","105.72","105.03","1.77M","-0.26%"
"11/18/2014","105.78","105.24","105.97","105.22","1.49M","0.59%"
"11/17/2014","105.16","105.00","105.30","104.83","1.45M","-0.01%"
"11/14/2014","105.17","105.23","105.33","104.94","2.17M","0.01%"
"11/13/2014","105.16","105.32","105.56","104.73","1.67M","-0.02%"
"11/12/2014","105.18","104.81","105.30","104.74","1.09M","-0.02%"
"11/11/2014","105.20","105.17","105.24","104.90","1.18M","0.10%"
"11/10/2014","105.10","104.88","105.10","104.69","2.92M","0.31%"
"11/07/2014","104.78","104.71","104.88","104.35","1.75M","0.08%"
"11/06/2014","104.70","104.32","104.70","103.88","2.10M","0.49%"
"11/05/2014","104.19","104.50","104.51","103.82","2.58M","0.47%"
"11/04/2014","103.70","103.90","103.96","103.15","2.58M","-0.37%"
"11/03/2014","104.08","104.19","104.46","103.83","3.67M","0.06%"
"10/31/2014","104.02","104.00","104.20","103.53","3.28M","1.19%"
"10/30/2014","102.80","101.88","103.07","101.72","2.59M","0.62%"
"10/29/2014","102.17","102.46","102.68","101.45","2.62M","-0.15%"
"10/28/2014","102.32","101.44","102.33","101.29","2.85M","1.30%"
"10/27/2014","101.01","100.85","101.11","100.35","2.59M","-0.14%"
"10/24/2014","101.15","100.58","101.18","100.20","2.90M","0.70%"
"10/23/2014","100.45","100.27","101.08","100.04","4.21M","1.21%"
"10/22/2014","99.25","100.30","100.48","99.20","3.91M","-0.78%"
"10/21/2014","100.03","98.61","100.12","98.61","4.00M","1.98%"
"10/20/2014","98.09","97.02","98.13","96.93","2.49M","1.00%"
"10/17/2014","97.12","97.44","97.80","96.67","3.86M","1.09%"
"10/16/2014","96.07","93.78","96.72","93.78","6.33M","0.22%"
"10/15/2014","95.86","95.19","96.21","93.58","8.27M","-0.56%"
"10/14/2014","96.40","96.59","97.50","96.04","3.91M","0.31%"
"10/13/2014","96.10","97.71","98.01","96.03","5.35M","-1.60%"
"10/10/2014","97.66","98.85","99.34","97.65","3.79M","-1.24%"
"10/09/2014","98.89","100.75","100.92","98.87","3.02M","-2.06%"
"10/08/2014","100.97","99.35","101.07","98.74","3.46M","1.66%"
"10/07/2014","99.32","100.39","100.57","99.29","2.15M","-1.55%"
"10/06/2014","100.88","101.57","101.61","100.56","1.76M","-0.20%"
"10/03/2014","101.08","100.70","101.27","100.36","2.30M","1.12%"
"10/02/2014","99.96","99.86","100.31","98.81","3.24M","0.05%"
"10/01/2014","99.91","101.11","101.34","99.66","3.99M","-1.31%"
"09/30/2014","101.24","101.86","102.00","101.13","2.14M","-0.47%"
"09/29/2014","101.72","101.02","101.84","100.90","2.83M","-0.18%"
"09/26/2014","101.90","101.29","102.10","101.11","2.23M","0.81%"
"09/25/2014","101.08","102.43","102.52","101.05","3.00M","-1.57%"
"09/24/2014","102.69","101.98","102.75","101.64","2.36M","0.32%"
"09/23/2014","102.36","102.75","103.10","102.35","1.97M","-0.64%"
"09/22/2014","103.02","103.75","103.80","102.83","2.33M","-0.92%"
"09/19/2014","103.98","104.59","104.59","103.74","1.93M","-0.19%"
"09/18/2014","104.18","104.02","104.23","103.88","1.83M","0.51%"
"09/17/2014","103.65","103.70","104.16","103.19","2.09M","0.11%"
"09/16/2014","103.54","102.55","103.69","102.53","1.24M","0.71%"
"09/15/2014","102.81","103.10","103.24","102.56","3.85M","-0.26%"
"09/12/2014","103.08","103.69","103.69","102.78","2.48M","-0.65%"
"09/11/2014","103.75","103.15","103.76","103.09","1.62M","0.18%"
"09/10/2014","103.56","103.23","103.60","102.85","1.29M","0.38%"
"09/09/2014","103.17","103.77","103.84","102.99","1.30M","-0.70%"
"09/08/2014","103.90","103.97","104.16","103.55","1.42M","-0.20%"
"09/05/2014","104.11","103.59","104.12","103.21","1.49M","0.46%"
"09/04/2014","103.63","104.01","104.39","103.37","1.59M","-0.21%"
"09/03/2014","103.85","104.39","104.44","103.70","1.52M","-0.11%"
"09/02/2014","103.96","104.04","104.27","103.56","1.74M","0.08%"
"08/29/2014","103.88","103.75","103.93","103.42","1.74M","0.30%"
"08/28/2014","103.57","103.28","103.65","103.19","1.43M","-0.11%"
"08/27/2014","103.68","103.81","103.87","103.52","1.15M","-0.06%"
"08/26/2014","103.74","103.65","103.96","103.61","1.46M","0.18%"
"08/25/2014","103.55","103.60","103.75","103.38","1.22M","0.52%"
"08/22/2014","103.01","103.12","103.26","102.78","1.75M","-0.15%"
"08/21/2014","103.16","103.00","103.31","102.81","1.59M","0.22%"
"08/20/2014","102.93","102.50","103.03","102.42","2.93M","0.23%"
"08/19/2014","102.69","102.41","102.76","102.30","1.90M","0.50%"
"08/18/2014","102.18","101.86","102.22","101.73","2.72M","0.90%"
"08/15/2014","101.27","101.62","101.74","100.52","3.76M","0.01%"
"08/14/2014","101.26","100.93","101.26","100.87","1.85M","0.44%"
"08/13/2014","100.82","100.52","100.90","100.31","1.21M","0.71%"
"08/12/2014","100.11","100.17","100.49","99.77","1.38M","-0.18%"
"08/11/2014","100.29","100.32","100.74","100.22","1.98M","0.36%"
"08/08/2014","99.93","98.96","99.97","98.77","1.57M","1.15%"
"08/07/2014","98.79","99.82","99.88","98.56","3.31M","-0.52%"
"08/06/2014","99.31","98.82","99.78","98.72","1.76M","0.02%"
"08/05/2014","99.29","99.70","100.13","98.93","2.86M","-0.88%"
"08/04/2014","100.17","99.74","100.38","99.21","3.32M","0.68%"
"08/01/2014","99.49","99.55","100.14","98.96","5.16M","-0.25%"
"07/31/2014","99.74","101.12","101.28","99.74","2.94M","-2.03%"
"07/30/2014","101.81","102.12","102.26","101.38","1.55M","0.07%"
"07/29/2014","101.74","102.29","102.48","101.72","1.09M","-0.36%"
"07/28/2014","102.11","102.18","102.28","101.51","1.19M","-0.03%"
"07/25/2014","102.14","102.37","102.42","101.93","1.15M","-0.53%"
"07/24/2014","102.68","102.84","102.92","102.57","925.99K","0.02%"
"07/23/2014","102.66","102.58","102.78","102.37","736.53K","0.23%"
"07/22/2014","102.42","102.29","102.63","102.24","1.20M","0.51%"
"07/21/2014","101.90","101.83","102.38","101.45","1.43M","-0.23%"
"07/18/2014","102.14","101.34","102.24","101.30","996.22K","1.08%"
"07/17/2014","101.05","101.88","102.28","100.91","1.98M","-1.15%"
"07/16/2014","102.23","102.36","102.48","101.95","1.93M","0.25%"
"07/15/2014","101.97","102.30","102.50","101.51","2.59M","-0.25%"
"07/14/2014","102.23","102.30","102.41","102.16","1.06M","0.48%"
"07/11/2014","101.74","101.63","101.79","101.30","1.25M","0.09%"
"07/10/2014","101.65","101.03","101.95","100.87","1.56M","-0.44%"
"07/09/2014","102.10","101.91","102.16","101.65","1.87M","0.43%"
"07/08/2014","101.66","102.34","102.34","101.35","2.13M","-0.76%"
"07/07/2014","102.44","102.80","102.81","102.31","2.20M","-0.52%"
"07/03/2014","102.98","102.74","103.00","102.66","987.06K","0.53%"
"07/02/2014","102.44","102.53","102.63","102.36","1.50M","-0.06%"
"07/01/2014","102.50","102.07","102.82","102.00","1.82M","0.72%"
"06/30/2014","101.77","101.55","101.91","101.55","1.60M","0.04%"
"06/27/2014","101.73","101.22","101.75","101.22","1.38M","0.27%"
"06/26/2014","101.46","101.53","101.53","100.76","1.42M","-0.06%"
"06/25/2014","101.52","100.82","101.60","100.78","1.38M","0.50%"
"06/24/2014","101.01","101.54","102.07","100.91","1.61M","-1.11%"
"06/23/2014","102.14","102.19","102.25","101.94","1.31M","-0.03%"
"06/20/2014","102.17","102.20","102.20","101.98","1.95M","0.24%"
"06/19/2014","101.93","101.90","102.00","101.53","2.13M","0.12%"
"06/18/2014","101.81","101.08","101.84","100.87","1.33M","0.74%"
"06/17/2014","101.06","100.56","101.20","100.46","1.09M","0.36%"
"06/16/2014","100.70","100.45","100.89","100.31","2.78M","0.08%"
"06/13/2014","100.62","100.45","100.69","100.11","2.10M","0.33%"
"06/12/2014","100.29","100.88","100.93","100.06","2.20M","-0.71%"
"06/11/2014","101.01","101.06","101.12","100.73","2.07M","-0.34%"
"06/10/2014","101.35","101.21","101.35","100.98","1.57M","-0.02%"
"06/09/2014","101.37","101.20","101.67","101.14","1.68M","0.17%"
"06/06/2014","101.20","100.99","101.25","100.85","1.93M","0.52%"
"06/05/2014","100.68","100.02","100.76","99.64","1.80M","0.81%"
"06/04/2014","99.87","99.38","99.97","99.33","1.75M","0.21%"
"06/03/2014","99.66","99.45","99.72","99.32","941.97K","-0.04%"
"06/02/2014","99.70","99.80","99.84","99.16","2.76M","0.12%"
"05/30/2014","99.58","99.44","99.68","99.29","1.44M","0.02%"
"05/29/2014","99.56","99.26","99.56","99.00","1.32M","0.54%"
"05/28/2014","99.03","99.16","99.26","98.82","1.38M","-0.11%"
"05/27/2014","99.14","98.83","99.16","98.78","1.46M","0.66%"
"05/23/2014","98.49","98.10","98.51","98.01","1.17M","0.52%"
"05/22/2014","97.98","97.69","98.19","97.53","962.38K","0.34%"
"05/21/2014","97.65","97.23","97.72","97.10","1.29M","0.77%"
"05/20/2014","96.90","97.52","97.62","96.62","1.86M","-0.75%"
"05/19/2014","97.63","96.94","97.68","96.78","1.21M","0.46%"
"05/16/2014","97.18","96.92","97.19","96.43","1.15M","0.42%"
"05/15/2014","96.77","97.36","97.43","96.21","2.15M","-0.92%"
"05/14/2014","97.67","98.14","98.19","97.52","1.39M","-0.55%"
"05/13/2014","98.21","98.40","98.57","98.14","1.53M","-0.06%"
"05/12/2014","98.27","97.61","98.30","97.55","1.85M","1.13%"
"05/09/2014","97.17","96.93","97.17","96.50","1.64M","0.25%"
"05/08/2014","96.93","97.09","97.80","96.66","1.86M","-0.27%"
"05/07/2014","97.19","97.03","97.21","96.16","1.64M","0.47%"
"05/06/2014","96.74","97.40","97.49","96.71","1.34M","-0.92%"
"05/05/2014","97.64","97.00","97.70","96.66","1.30M","0.16%"
"05/02/2014","97.48","97.59","98.03","97.35","1.69M","-0.08%"
"05/01/2014","97.56","97.41","97.84","97.14","1.78M","0.03%"
"04/30/2014","97.53","97.17","97.56","96.76","1.42M","0.37%"
"04/29/2014","97.17","97.00","97.30","96.77","3.06M","0.50%"
"04/28/2014","96.69","96.90","97.22","95.65","2.05M","0.15%"
"04/25/2014","96.55","97.19","97.25","96.34","1.93M","-0.97%"
"04/24/2014","97.50","97.84","97.90","96.96","1.47M","0.13%"
"04/23/2014","97.37","97.62","97.68","97.30","1.80M","-0.26%"
"04/22/2014","97.62","97.26","97.91","97.19","2.44M","0.51%"
"04/21/2014","97.12","96.78","97.12","96.57","3.04M","0.40%"
"04/17/2014","96.73","96.42","96.97","96.26","2.24M","0.20%"
"04/16/2014","96.54","96.21","96.55","95.75","4.50M","1.05%"
"04/15/2014","95.54","95.13","95.60","94.03","3.34M","0.69%"
"04/14/2014","94.89","95.02","95.20","94.12","3.25M","0.68%"
"04/11/2014","94.25","94.66","95.31","94.10","3.38M","-0.99%"
"04/10/2014","95.19","97.30","97.35","95.03","3.29M","-2.20%"
"04/09/2014","97.33","96.50","97.33","96.22","1.98M","1.20%"
"04/08/2014","96.18","95.76","96.38","95.35","3.73M","0.44%"
"04/07/2014","95.76","96.60","96.81","95.48","5.32M","-1.20%"
"04/04/2014","96.92","98.84","98.85","96.77","3.03M","-1.37%"
"04/03/2014","98.27","98.72","98.74","97.96","2.17M","-0.27%"
"04/02/2014","98.54","98.46","98.66","98.18","2.86M","0.32%"
"04/01/2014","98.23","97.89","98.27","97.75","3.88M","0.78%"
"03/31/2014","97.47","97.10","97.58","97.05","2.98M","0.98%"
"03/28/2014","96.52","96.37","97.09","96.28","1.53M","0.45%"
"03/27/2014","96.09","96.09","96.50","95.69","3.84M","-0.21%"
"03/26/2014","96.29","97.52","97.65","96.27","2.90M","-0.83%"
"03/25/2014","97.10","97.20","97.58","96.59","1.74M","-0.08%"
"03/24/2014","97.18","98.11","98.20","96.73","3.92M","-0.58%"
"03/21/2014","97.75","98.57","98.69","97.65","2.82M","-0.37%"
"03/20/2014","98.11","97.39","98.19","97.21","1.47M","0.50%"
"03/19/2014","97.62","98.21","98.28","97.02","2.71M","-0.57%"
"03/18/2014","98.18","97.65","98.28","97.50","3.67M","0.85%"
"03/17/2014","97.35","97.09","97.66","97.06","2.74M","0.80%"
"03/14/2014","96.58","96.51","97.07","96.43","2.89M","-0.12%"
"03/13/2014","96.70","98.18","98.27","96.42","3.48M","-1.16%"
"03/12/2014","97.83","97.36","97.86","97.03","2.23M","0.07%"
"03/11/2014","97.76","98.50","98.63","97.53","3.72M","-0.56%"
"03/10/2014","98.31","98.32","98.40","97.73","2.59M","-0.07%"
"03/07/2014","98.38","98.84","98.85","98.00","2.31M","-0.03%"
"03/06/2014","98.41","98.54","98.65","98.27","2.08M","0.18%"
"03/05/2014","98.23","98.26","98.38","98.09","1.86M","0.02%"
"03/04/2014","98.21","97.93","98.35","97.64","3.11M","1.57%"
"03/03/2014","96.69","96.57","96.88","96.01","2.74M","-0.73%"
"02/28/2014","97.40","97.17","97.86","96.74","2.30M","0.19%"
"02/27/2014","97.22","96.63","97.22","96.47","1.59M","0.53%"
"02/26/2014","96.71","96.83","97.10","96.45","1.93M","0.10%"
"02/25/2014","96.61","96.77","97.01","96.28","2.43M","-0.04%"
"02/24/2014","96.65","96.38","97.27","96.31","2.36M","0.57%"
"02/21/2014","96.10","96.39","96.53","96.03","1.95M","-0.08%"
"02/20/2014","96.18","95.65","96.33","95.33","2.66M","0.67%"
"02/19/2014","95.54","95.97","96.50","95.44","2.32M","-0.67%"
"02/18/2014","96.18","96.06","96.27","95.77","3.01M","0.29%"
"02/14/2014","95.90","95.40","96.05","95.22","2.24M","0.48%"
"02/13/2014","95.44","94.14","95.52","94.14","2.73M","0.61%"
"02/12/2014","94.86","94.91","95.21","94.62","3.13M","0.14%"
"02/11/2014","94.73","93.99","94.95","93.82","4.29M","1.14%"
"02/10/2014","93.66","93.62","93.74","93.26","3.42M","0.12%"
"02/07/2014","93.55","92.94","93.61","92.53","3.54M","1.29%"
"02/06/2014","92.36","91.49","92.37","91.35","3.24M","1.22%"
"02/05/2014","91.25","91.02","91.44","90.39","3.41M","-0.15%"
"02/04/2014","91.39","91.20","91.63","90.78","3.43M","0.76%"
"02/03/2014","90.70","92.84","93.05","90.54","6.57M","-2.35%"
"01/31/2014","92.88","92.44","93.55","92.28","4.10M","-0.65%"
"01/30/2014","93.49","93.23","93.78","92.96","2.54M","1.17%"
"01/29/2014","92.41","92.67","93.08","92.18","4.72M","-1.03%"
"01/28/2014","93.37","92.89","93.47","92.80","10.14M","0.70%"
"01/27/2014","92.72","93.32","93.60","92.21","6.67M","-0.64%"
"01/24/2014","93.32","94.77","94.89","93.29","7.28M","-2.16%"
"01/23/2014","95.38","95.77","95.85","94.91","3.22M","-0.86%"
"01/22/2014","96.21","96.27","96.30","95.91","1.86M","0.19%"
"01/21/2014","96.03","96.36","96.36","95.44","5.56M","0.33%"
"01/17/2014","95.71","96.00","96.13","95.55","2.72M","-0.39%"
"01/16/2014","96.08","96.05","96.12","95.79","3.06M","-0.07%"
"01/15/2014","96.15","95.94","96.29","95.84","2.53M","0.50%"
"01/14/2014","95.67","94.93","95.73","94.73","2.66M","1.10%"
"01/13/2014","94.63","95.75","95.88","94.39","4.32M","-1.26%"
"01/10/2014","95.84","95.78","95.87","95.30","2.90M","0.28%"
"01/09/2014","95.57","95.83","95.83","95.10","3.44M","0.08%"
"01/08/2014","95.49","95.44","95.62","95.09","3.78M","0.07%"
"01/07/2014","95.42","95.19","95.58","95.10","2.62M","0.64%"
"01/06/2014","94.81","95.50","95.56","94.67","3.17M","-0.26%"
"01/03/2014","95.06","95.29","95.44","94.95","3.21M","-0.02%"
"01/02/2014","95.08","95.76","95.76","94.82","3.73M","-0.88%"
"12/31/2013","95.92","95.72","96.00","95.66","4.58M","0.37%"
"12/30/2013","95.57","95.60","95.66","95.41","3.16M","0.03%"
"12/27/2013","95.54","95.73","95.92","95.43","2.37M","-0.06%"
"12/26/2013","95.60","95.40","95.64","95.26","2.94M","0.47%"
"12/24/2013","95.15","94.99","95.21","94.90","1.36M","0.27%"
"12/23/2013","94.89","94.84","94.95","94.65","3.10M","0.59%"
"12/20/2013","94.33","93.86","94.53","93.84","6.21M","0.14%"
"12/19/2013","94.20","94.13","94.24","93.83","6.35M","-0.14%"
"12/18/2013","94.33","93.03","94.34","92.16","4.09M","1.62%"
"12/17/2013","92.83","93.24","93.24","92.57","3.38M","-0.30%"
"12/16/2013","93.11","92.94","93.34","92.88","3.21M","0.70%"
"12/13/2013","92.46","92.69","92.72","92.25","3.61M","0.03%"
"12/12/2013","92.43","92.56","92.76","92.18","3.59M","-0.18%"
"12/11/2013","92.60","93.88","93.88","92.50","3.89M","-1.24%"
"12/10/2013","93.76","93.93","94.15","93.72","2.40M","-0.33%"
"12/09/2013","94.07","94.25","94.28","93.95","2.13M","0.22%"
"12/06/2013","93.86","93.80","93.97","93.48","2.07M","1.03%"
"12/05/2013","92.90","93.14","93.26","92.82","2.19M","-0.29%"
"12/04/2013","93.17","92.97","93.62","92.48","2.30M","-0.14%"
"12/03/2013","93.30","93.40","93.59","92.94","2.13M","-0.38%"
"12/02/2013","93.66","94.06","94.18","93.54","3.21M","-0.21%"
"11/29/2013","93.86","94.07","94.34","93.86","934.61K","-0.14%"
"11/27/2013","93.99","93.93","94.04","93.76","1.48M","0.29%"
"11/26/2013","93.72","93.63","94.01","93.52","1.36M","0.10%"
"11/25/2013","93.63","93.96","93.97","93.50","1.72M","-0.11%"
"11/22/2013","93.73","93.39","93.75","93.22","2.69M","0.49%"
"11/21/2013","93.27","92.77","93.33","92.65","2.72M","0.90%"
"11/20/2013","92.44","92.89","93.18","92.16","1.93M","-0.31%"
"11/19/2013","92.73","92.98","93.22","92.55","1.83M","-0.29%"
"11/18/2013","93.00","93.72","93.72","92.78","3.12M","-0.47%"
"11/15/2013","93.44","93.03","93.44","93.00","1.62M","0.44%"
"11/14/2013","93.03","92.74","93.09","92.48","1.97M","0.48%"
"11/13/2013","92.59","91.38","92.60","91.30","1.84M","0.85%"
"11/12/2013","91.81","91.76","91.95","91.46","2.07M","-0.15%"
"11/11/2013","91.95","91.79","92.07","91.73","1.73M","0.07%"
"11/08/2013","91.89","90.75","91.89","90.67","2.64M","1.33%"
"11/07/2013","90.68","92.19","92.19","90.60","2.88M","-1.33%"
"11/06/2013","91.90","92.08","92.24","91.67","2.66M","0.26%"
"11/05/2013","91.66","91.70","91.86","91.27","2.30M","-0.28%"
"11/04/2013","91.92","91.81","91.97","91.56","3.44M","0.45%"
"11/01/2013","91.51","91.44","91.79","91.00","2.48M","0.13%"
"10/31/2013","91.39","91.59","91.95","91.18","2.94M","-0.29%"
"10/30/2013","91.66","92.35","92.40","91.31","2.64M","-0.59%"
"10/29/2013","92.20","91.95","92.20","91.80","1.45M","0.50%"
"10/28/2013","91.74","91.65","91.85","91.46","1.71M","0.08%"
"10/25/2013","91.67","91.57","91.67","91.25","2.04M","0.36%"
"10/24/2013","91.34","91.25","91.39","90.91","1.71M","0.38%"
"10/23/2013","90.99","91.17","91.22","90.63","2.78M","-0.47%"
"10/22/2013","91.42","91.22","91.73","91.01","3.76M","0.57%"
"10/21/2013","90.90","91.00","91.14","90.72","2.46M","-0.05%"
"10/18/2013","90.95","90.71","90.98","90.45","3.00M","0.71%"
"10/17/2013","90.31","89.35","90.35","89.26","4.44M","0.74%"
"10/16/2013","89.65","88.99","89.67","88.88","2.43M","1.40%"
"10/15/2013","88.41","88.89","89.15","88.28","2.60M","-0.76%"
"10/14/2013","89.09","88.12","89.13","87.98","1.85M","0.44%"
"10/11/2013","88.70","87.98","88.73","87.90","3.13M","0.70%"
"10/10/2013","88.08","87.08","88.12","87.06","4.04M","2.25%"
"10/09/2013","86.14","86.38","86.51","85.63","3.79M","-0.07%"
"10/08/2013","86.20","87.25","87.43","86.16","3.43M","-1.33%"
"10/07/2013","87.36","87.45","87.86","87.30","1.60M","-0.90%"
"10/04/2013","88.15","87.57","88.24","87.44","2.51M","0.73%"
"10/03/2013","87.51","88.04","88.16","87.04","8.26M","-0.85%"
"10/02/2013","88.26","87.91","88.31","87.61","2.01M","-0.17%"
"10/01/2013","88.41","87.74","88.48","87.67","3.08M","0.87%"
"09/30/2013","87.65","87.38","87.88","87.10","2.52M","-0.47%"
"09/27/2013","88.06","87.99","88.15","87.79","1.94M","-0.40%"
"09/26/2013","88.41","88.22","88.66","88.10","1.21M","0.39%"
"09/25/2013","88.07","88.34","88.50","87.95","1.35M","-0.18%"
"09/24/2013","88.23","88.24","88.76","88.01","4.01M","-0.16%"
"09/23/2013","88.37","88.51","88.68","87.99","2.59M","-0.93%"
"09/20/2013","89.20","89.89","90.00","89.08","2.67M","-0.67%"
"09/19/2013","89.80","90.07","90.23","89.66","2.64M","-0.16%"
"09/18/2013","89.94","88.92","90.12","88.58","2.70M","1.17%"
"09/17/2013","88.90","88.54","88.90","88.54","1.66M","0.53%"
"09/16/2013","88.43","88.93","89.00","88.30","2.53M","0.58%"
"09/13/2013","87.92","87.87","88.00","87.62","1.79M","0.21%"
"09/12/2013","87.74","88.03","88.12","87.65","1.12M","-0.31%"
"09/11/2013","88.01","87.70","88.02","87.49","1.57M","0.26%"
"09/10/2013","87.78","87.66","87.78","87.43","3.45M","0.78%"
"09/09/2013","87.10","86.43","87.13","86.42","1.81M","1.13%"
"09/06/2013","86.13","86.40","86.64","85.31","1.81M","0.08%"
"09/05/2013","86.06","86.01","86.27","85.99","1.51M","0.12%"
"09/04/2013","85.96","85.27","86.08","85.12","2.61M","0.89%"
"09/03/2013","85.20","85.77","85.92","84.84","1.81M","0.51%"
"08/30/2013","84.77","85.44","85.45","84.62","2.44M","-0.59%"
"08/29/2013","85.27","84.88","85.68","84.85","1.29M","0.27%"
"08/28/2013","85.04","84.72","85.34","84.60","1.44M","0.37%"
"08/27/2013","84.73","85.37","85.65","84.68","2.19M","-1.77%"
"08/26/2013","86.26","86.59","86.86","86.14","1.98M","-0.25%"
"08/23/2013","86.48","86.41","86.56","85.99","1.27M","0.42%"
"08/22/2013","86.12","85.55","86.28","85.55","2.07M","0.89%"
"08/21/2013","85.36","85.63","86.09","85.12","3.10M","-0.58%"
"08/20/2013","85.86","85.43","86.14","85.36","2.05M","0.66%"
"08/19/2013","85.30","85.65","86.06","85.30","2.11M","-0.68%"
"08/16/2013","85.88","86.08","86.34","85.73","4.93M","-0.32%"
"08/15/2013","86.16","86.82","86.82","86.05","2.73M","-1.49%"
"08/14/2013","87.46","87.90","88.00","87.44","1.37M","-0.52%"
"08/13/2013","87.92","87.92","88.04","87.32","1.30M","0.22%"
"08/12/2013","87.73","87.39","87.83","87.25","1.10M","-0.07%"
"08/09/2013","87.79","87.90","88.17","87.47","2.52M","-0.25%"
"08/08/2013","88.01","88.09","88.18","87.56","2.25M","0.41%"
"08/07/2013","87.65","87.66","87.78","87.29","1.54M","-0.40%"
"08/06/2013","88.00","88.51","88.54","87.77","1.59M","-0.65%"
"08/05/2013","88.58","88.51","88.69","88.34","1.17M","0.01%"
"08/02/2013","88.57","88.43","88.62","88.19","2.22M","0.05%"
"08/01/2013","88.53","88.10","88.60","88.07","2.42M","1.27%"
"07/31/2013","87.42","87.43","88.00","87.32","2.21M","0.10%"
"07/30/2013","87.33","87.54","87.62","87.10","1.38M","0.10%"
"07/29/2013","87.24","87.42","87.57","87.02","1.68M","-0.34%"
"07/26/2013","87.54","87.23","87.57","86.79","1.85M","0.01%"
"07/25/2013","87.53","87.00","87.57","86.95","1.78M","0.37%"
"07/24/2013","87.21","87.95","87.99","87.03","3.00M","-0.40%"
"07/23/2013","87.56","87.93","88.00","87.51","1.92M","-0.18%"
"07/22/2013","87.72","87.69","87.82","87.47","2.12M","0.22%"
"07/19/2013","87.53","87.20","87.53","87.10","1.60M","0.15%"
"07/18/2013","87.40","87.09","87.59","87.01","2.10M","0.56%"
"07/17/2013","86.91","87.01","87.13","86.76","1.72M","0.32%"
"07/16/2013","86.63","87.07","87.10","86.42","1.64M","-0.45%"
"07/15/2013","87.02","86.91","87.11","86.73","2.34M","0.38%"
"07/12/2013","86.69","86.54","86.83","86.44","2.14M","0.09%"
"07/11/2013","86.61","86.43","86.64","86.11","3.56M","1.45%"
"07/10/2013","85.37","85.30","85.63","85.12","4.40M","0.05%"
"07/09/2013","85.33","85.23","85.46","84.88","2.23M","0.71%"
"07/08/2013","84.73","84.71","84.96","84.56","1.97M","0.53%"
"07/05/2013","84.28","84.02","84.30","83.33","2.43M","1.07%"
"07/03/2013","83.39","82.99","83.59","82.83","1.00M","0.14%"
"07/02/2013","83.27","83.33","83.89","82.94","1.96M","-0.11%"
"07/01/2013","83.36","83.29","83.94","83.11","2.10M","0.83%"
"06/28/2013","82.67","82.93","83.31","82.51","3.02M","-0.52%"
"06/27/2013","83.10","83.02","83.40","82.99","2.21M","0.74%"
"06/26/2013","82.49","82.40","82.69","82.05","2.50M","0.93%"
"06/25/2013","81.73","81.66","81.99","81.11","2.63M","1.00%"
"06/24/2013","80.92","81.11","81.61","80.19","5.38M","-1.75%"
"06/21/2013","82.36","82.63","82.78","81.47","4.23M","0.26%"
"06/20/2013","82.15","83.47","83.47","81.90","4.93M","-2.48%"
"06/19/2013","84.24","85.19","85.47","84.21","4.45M","-1.28%"
"06/18/2013","85.33","84.79","85.52","84.79","2.10M","0.76%"
"06/17/2013","84.69","84.67","85.06","84.26","2.42M","0.70%"
"06/14/2013","84.10","84.49","84.81","83.93","1.65M","-0.57%"
"06/13/2013","84.58","83.22","84.72","83.03","4.10M","1.55%"
"06/12/2013","83.29","84.58","84.63","83.19","2.57M","-0.85%"
"06/11/2013","84.00","84.10","84.72","83.77","2.10M","-1.01%"
"06/10/2013","84.86","85.15","85.16","84.61","3.64M","0.04%"
"06/07/2013","84.83","84.35","84.90","83.97","2.39M","1.24%"
"06/06/2013","83.79","82.99","83.80","82.53","2.63M","0.94%"
"06/05/2013","83.01","83.99","84.11","82.94","2.95M","-1.41%"
"06/04/2013","84.20","84.72","84.99","83.77","2.31M","-0.48%"
"06/03/2013","84.61","84.45","84.66","83.74","3.62M","0.40%"
"05/31/2013","84.27","85.18","85.65","84.20","2.01M","-1.33%"
"05/30/2013","85.41","85.16","85.77","85.08","1.63M","0.41%"
"05/29/2013","85.06","85.20","85.32","84.57","2.42M","-0.68%"
"05/28/2013","85.64","86.03","86.42","85.34","2.12M","0.65%"
"05/24/2013","85.09","84.66","85.10","84.38","1.15M","-0.13%"
"05/23/2013","85.20","84.49","85.37","84.32","2.75M","-0.19%"
"05/22/2013","85.36","86.28","87.09","85.00","3.38M","-0.99%"
"05/21/2013","86.21","86.14","86.48","85.86","1.48M","0.16%"
"05/20/2013","86.07","86.01","86.39","85.90","1.68M","-0.01%"
"05/17/2013","86.08","85.57","86.09","85.46","1.54M","1.02%"
"05/16/2013","85.21","85.53","85.76","85.10","2.01M","-0.41%"
"05/15/2013","85.56","85.06","85.80","85.02","2.74M","0.43%"
"05/14/2013","85.19","84.40","85.25","84.40","1.44M","1.03%"
"05/13/2013","84.32","84.19","84.44","83.96","1.29M","0.02%"
"05/10/2013","84.30","84.04","84.30","83.81","1.33M","0.44%"
"05/09/2013","83.93","84.19","84.35","83.74","1.50M","-0.33%"
"05/08/2013","84.21","83.72","84.21","83.68","1.73M","0.47%"
"05/07/2013","83.82","83.58","83.83","83.31","1.97M","0.55%"
"05/06/2013","83.36","83.15","83.46","83.10","1.88M","0.39%"
"05/03/2013","83.04","82.99","83.38","82.86","2.38M","0.94%"
"05/02/2013","82.27","81.61","82.32","81.61","1.62M","1.04%"
"05/01/2013","81.42","82.11","82.17","81.38","2.16M","-1.02%"
"04/30/2013","82.26","82.02","82.30","81.69","1.74M","0.30%"
"04/29/2013","82.01","81.71","82.19","81.59","2.12M","0.64%"
"04/26/2013","81.49","81.53","81.68","81.22","1.15M","-0.18%"
"04/25/2013","81.64","81.54","82.04","81.45","1.12M","0.41%"
"04/24/2013","81.31","81.20","81.50","81.07","1.04M","0.15%"
"04/23/2013","81.19","80.72","81.24","80.39","1.96M","1.08%"
"04/22/2013","80.32","80.13","80.50","79.55","1.24M","0.43%"
"04/19/2013","79.98","79.49","80.01","79.23","965.45K","0.96%"
"04/18/2013","79.22","79.85","79.91","78.93","1.51M","-0.63%"
"04/17/2013","79.72","80.39","80.42","79.29","2.69M","-1.50%"
"04/16/2013","80.93","80.36","80.98","80.14","1.95M","1.48%"
"04/15/2013","79.75","81.45","81.45","79.74","3.05M","-2.43%"
"04/12/2013","81.74","81.76","81.92","81.32","1.41M","-0.35%"
"04/11/2013","82.03","81.73","82.28","81.69","1.26M","0.38%"
"04/10/2013","81.72","80.88","81.80","80.87","2.21M","1.29%"
"04/09/2013","80.68","80.60","80.99","80.34","1.18M","0.29%"
"04/08/2013","80.45","80.00","80.47","79.73","1.93M","0.61%"
"04/05/2013","79.96","79.26","80.01","79.14","1.53M","-0.35%"
"04/04/2013","80.24","80.01","80.33","79.82","1.32M","0.44%"
"04/03/2013","79.89","80.82","80.88","79.68","2.27M","-1.09%"
"04/02/2013","80.77","80.86","81.04","80.54","2.48M","0.30%"
"04/01/2013","80.53","80.95","81.06","80.32","3.10M","-0.53%"
"03/28/2013","80.96","80.67","81.02","80.58","1.90M","0.35%"
"03/27/2013","80.68","80.16","80.71","80.01","2.49M","0.07%"
"03/26/2013","80.62","80.34","80.63","80.24","1.32M","0.75%"
"03/25/2013","80.02","80.55","80.70","79.72","2.91M","-0.34%"
"03/22/2013","80.29","80.03","80.32","79.97","1.65M","0.16%"
"03/21/2013","80.16","80.34","80.61","79.99","1.42M","-0.80%"
"03/20/2013","80.81","80.65","80.93","80.56","1.48M","0.75%"
"03/19/2013","80.21","80.60","80.72","79.69","1.52M","-0.27%"
"03/18/2013","80.43","80.14","80.77","80.00","1.98M","-0.54%"
"03/15/2013","80.87","80.90","80.97","80.60","1.85M","-0.11%"
"03/14/2013","80.96","80.72","80.99","80.68","1.33M","0.56%"
"03/13/2013","80.51","80.37","80.61","80.15","1.02M","0.19%"
"03/12/2013","80.36","80.47","80.57","80.12","1.51M","-0.17%"
"03/11/2013","80.50","80.19","80.53","80.09","1.61M","0.29%"
"03/08/2013","80.27","80.23","80.36","79.82","1.99M","0.49%"
"03/07/2013","79.88","79.80","79.95","79.72","1.56M","0.24%"
"03/06/2013","79.69","79.84","79.89","79.52","2.04M","0.15%"
"03/05/2013","79.57","79.15","79.72","79.10","1.85M","1.00%"
"03/04/2013","78.78","78.24","78.78","78.10","1.42M","0.46%"
"03/01/2013","78.42","77.96","78.50","77.51","1.88M","0.23%"
"02/28/2013","78.24","78.31","78.81","78.13","1.57M","-0.09%"
"02/27/2013","78.31","77.27","78.53","77.26","1.44M","1.23%"
"02/26/2013","77.36","77.19","77.44","76.67","2.51M","0.64%"
"02/25/2013","76.87","78.68","78.78","76.85","1.98M","-1.84%"
"02/22/2013","78.31","77.92","78.31","77.77","1.83M","0.97%"
"02/21/2013","77.56","77.89","77.89","77.25","2.64M","-0.68%"
"02/20/2013","78.09","79.11","79.13","78.08","2.51M","-1.33%"
"02/19/2013","79.14","78.71","79.16","78.71","1.76M","0.70%"
"02/15/2013","78.59","78.75","78.83","78.32","1.25M","-0.11%"
"02/14/2013","78.68","78.35","78.75","78.28","1.29M","0.13%"
"02/13/2013","78.58","78.68","78.79","78.34","1.35M","0.14%"
"02/12/2013","78.47","78.34","78.60","78.28","1.57M","0.17%"
"02/11/2013","78.34","78.36","78.39","78.14","2.11M","-0.05%"
"02/08/2013","78.38","78.03","78.38","78.01","4.40M","0.60%"
"02/07/2013","77.91","78.05","78.13","77.36","2.26M","-0.18%"
"02/06/2013","78.05","77.68","78.06","77.60","1.74M","0.18%"
"02/05/2013","77.91","77.62","78.11","77.54","1.61M","0.95%"
"02/04/2013","77.18","77.64","77.72","77.13","2.46M","-1.05%"
"02/01/2013","78.00","77.78","78.11","77.61","2.55M","0.97%"
"01/31/2013","77.25","77.33","77.50","77.15","2.61M","-0.18%"
"01/30/2013","77.39","77.69","77.83","77.27","2.07M","-0.40%"
"01/29/2013","77.70","77.34","77.77","77.24","2.28M","0.34%"
"01/28/2013","77.44","77.60","77.61","77.15","1.63M","-0.09%"